<?xml version="1.0" encoding="UTF-8"?>
<TrainingCenterDatabase xmlns="http://www.garmin.com/xmlschemas/TrainingCenterDatabase/v2">
<Activities>
<Activity Sport="Biking"><Id>2026-09-20T08:00:00Z</Id><Lap StartTime="2026-09-20T08:00:00Z"><TotalTimeSeconds>5100</TotalTimeSeconds><DistanceMeters>40000</DistanceMeters><Intensity>Active</Intensity><TriggerMethod>Manual</TriggerMethod><Track>
<Trackpoint><Time>2026-09-20T08:00:00Z</Time><Position><LatitudeDegrees>45.700000</LatitudeDegrees><LongitudeDegrees>6.082119</LongitudeDegrees></Position><AltitudeMeters>420.0</AltitudeMeters><DistanceMeters>0.0</DistanceMeters></Trackpoint>
<Trackpoint><Time>2026-09-20T08:00:06Z</Time><Position><LatitudeDegrees>45.700450</LatitudeDegrees><LongitudeDegrees>6.082116</LongitudeDegrees></Position><AltitudeMeters>421.4</AltitudeMeters><DistanceMeters>50.0</DistanceMeters></Trackpoint>
<Trackpoint><Time>2026-09-20T08:00:12Z</Time><Position><LatitudeDegrees>45.700901</LatitudeDegrees><LongitudeDegrees>6.082109</LongitudeDegrees></Position><AltitudeMeters>422.8</AltitudeMeters><DistanceMeters>100.0</DistanceMeters></Trackpoint>
<Trackpoint><Time>2026-09-20T08:00:19Z</Time><Position><LatitudeDegrees>45.701351</LatitudeDegrees><LongitudeDegrees>6.082096</LongitudeDegrees></Position><AltitudeMeters>424.2</AltitudeMeters><DistanceMeters>150.0</DistanceMeters></Trackpoint>
<Trackpoint><Time>2026-09-20T08:00:25Z</Time><Position><LatitudeDegrees>45.701802</LatitudeDegrees><LongitudeDegrees>6.082078</LongitudeDegrees></Position><AltitudeMeters>425.6</AltitudeMeters><DistanceMeters>200.0</DistanceMeters></Trackpoint>
<Trackpoint><Time>2026-09-20T08:00:31Z</Time><Position><LatitudeDegrees>45.702252</LatitudeDegrees><LongitudeDegrees>6.082056</LongitudeDegrees></Position><AltitudeMeters>427.1</AltitudeMeters><DistanceMeters>250.0</DistanceMeters></Trackpoint>
<Trackpoint><Time>2026-09-20T08:00:38Z</Time><Position><LatitudeDegrees>45.702702</LatitudeDegrees><LongitudeDegrees>6.082028</LongitudeDegrees></Position><AltitudeMeters>428.5</AltitudeMeters><DistanceMeters>300.0</DistanceMeters></Trackpoint>
<Trackpoint><Time>2026-09-20T08:00:44Z</Time><Position><LatitudeDegrees>45.703152</LatitudeDegrees><LongitudeDegrees>6.081995</LongitudeDegrees></Position><AltitudeMeters>429.9</AltitudeMeters><DistanceMeters>350.0</DistanceMeters></Trackpoint>
<Trackpoint><Time>2026-09-20T08:00:51Z</Time><Position><LatitudeDegrees>45.703601</LatitudeDegrees><LongitudeDegrees>6.081957</LongitudeDegrees></Position><AltitudeMeters>431.2</AltitudeMeters><DistanceMeters>400.0</DistanceMeters></Trackpoint>
<Trackpoint><Time>2026-09-20T08:00:57Z</Time><Position><LatitudeDegrees>45.704051</LatitudeDegrees><LongitudeDegrees>6.081914</LongitudeDegrees></Position><AltitudeMeters>432.6</AltitudeMeters><DistanceMeters>450.0</DistanceMeters></Trackpoint>
<Trackpoint><Time>2026-09-20T08:01:03Z</Time><Position><LatitudeDegrees>45.704500</LatitudeDegrees><LongitudeDegrees>6.081866</LongitudeDegrees></Position><AltitudeMeters>434.0</AltitudeMeters><DistanceMeters>500.0</DistanceMeters></Trackpoint>
<Trackpoint><Time>2026-09-20T08:01:10Z</Time><Position><LatitudeDegrees>45.704949</LatitudeDegrees><LongitudeDegrees>6.081813</LongitudeDegrees></Position><AltitudeMeters>435.4</AltitudeMeters><DistanceMeters>550.0</DistanceMeters></Trackpoint>
<Trackpoint><Time>2026-09-20T08:01:16Z</Time><Position><LatitudeDegrees>45.705397</LatitudeDegrees><LongitudeDegrees>6.081755</LongitudeDegrees></Position><AltitudeMeters>436.7</AltitudeMeters><DistanceMeters>600.0</DistanceMeters></Trackpoint>
<Trackpoint><Time>2026-09-20T08:01:22Z</Time><Position><LatitudeDegrees>45.705846</LatitudeDegrees><LongitudeDegrees>6.081691</LongitudeDegrees></Position><AltitudeMeters>438.1</AltitudeMeters><DistanceMeters>650.0</DistanceMeters></Trackpoint>
<Trackpoint><Time>2026-09-20T08:01:29Z</Time><Position><LatitudeDegrees>45.706294</LatitudeDegrees><LongitudeDegrees>6.081623</LongitudeDegrees></Position><AltitudeMeters>439.4</AltitudeMeters><DistanceMeters>700.0</DistanceMeters></Trackpoint>
<Trackpoint><Time>2026-09-20T08:01:35Z</Time><Position><LatitudeDegrees>45.706741</LatitudeDegrees><LongitudeDegrees>6.081550</LongitudeDegrees></Position><AltitudeMeters>440.8</AltitudeMeters><DistanceMeters>750.0</DistanceMeters></Trackpoint>
<Trackpoint><Time>2026-09-20T08:01:42Z</Time><Position><LatitudeDegrees>45.707188</LatitudeDegrees><LongitudeDegrees>6.081471</LongitudeDegrees></Position><AltitudeMeters>442.1</AltitudeMeters><DistanceMeters>800.0</DistanceMeters></Trackpoint>
<Trackpoint><Time>2026-09-20T08:01:48Z</Time><Position><LatitudeDegrees>45.707635</LatitudeDegrees><LongitudeDegrees>6.081388</LongitudeDegrees></Position><AltitudeMeters>443.4</AltitudeMeters><DistanceMeters>850.0</DistanceMeters></Trackpoint>
<Trackpoint><Time>2026-09-20T08:01:54Z</Time><Position><LatitudeDegrees>45.708081</LatitudeDegrees><LongitudeDegrees>6.081300</LongitudeDegrees></Position><AltitudeMeters>444.7</AltitudeMeters><DistanceMeters>900.0</DistanceMeters></Trackpoint>
<Trackpoint><Time>2026-09-20T08:02:01Z</Time><Position><LatitudeDegrees>45.708527</LatitudeDegrees><LongitudeDegrees>6.081206</LongitudeDegrees></Position><AltitudeMeters>446.0</AltitudeMeters><DistanceMeters>950.0</DistanceMeters></Trackpoint>
<Trackpoint><Time>2026-09-20T08:02:07Z</Time><Position><LatitudeDegrees>45.708972</LatitudeDegrees><LongitudeDegrees>6.081108</LongitudeDegrees></Position><AltitudeMeters>447.2</AltitudeMeters><DistanceMeters>1000.0</DistanceMeters></Trackpoint>
<Trackpoint><Time>2026-09-20T08:02:13Z</Time><Position><LatitudeDegrees>45.709417</LatitudeDegrees><LongitudeDegrees>6.081005</LongitudeDegrees></Position><AltitudeMeters>448.5</AltitudeMeters><DistanceMeters>1050.0</DistanceMeters></Trackpoint>
<Trackpoint><Time>2026-09-20T08:02:20Z</Time><Position><LatitudeDegrees>45.709861</LatitudeDegrees><LongitudeDegrees>6.080896</LongitudeDegrees></Position><AltitudeMeters>449.7</AltitudeMeters><DistanceMeters>1100.0</DistanceMeters></Trackpoint>
<Trackpoint><Time>2026-09-20T08:02:26Z</Time><Position><LatitudeDegrees>45.710304</LatitudeDegrees><LongitudeDegrees>6.080783</LongitudeDegrees></Position><AltitudeMeters>450.9</AltitudeMeters><DistanceMeters>1150.0</DistanceMeters></Trackpoint>
<Trackpoint><Time>2026-09-20T08:02:33Z</Time><Position><LatitudeDegrees>45.710747</LatitudeDegrees><LongitudeDegrees>6.080664</LongitudeDegrees></Position><AltitudeMeters>452.1</AltitudeMeters><DistanceMeters>1200.0</DistanceMeters></Trackpoint>
<Trackpoint><Time>2026-09-20T08:02:39Z</Time><Position><LatitudeDegrees>45.711189</LatitudeDegrees><LongitudeDegrees>6.080541</LongitudeDegrees></Position><AltitudeMeters>453.3</AltitudeMeters><DistanceMeters>1250.0</DistanceMeters></Trackpoint>
<Trackpoint><Time>2026-09-20T08:02:45Z</Time><Position><LatitudeDegrees>45.711630</LatitudeDegrees><LongitudeDegrees>6.080413</LongitudeDegrees></Position><AltitudeMeters>454.5</AltitudeMeters><DistanceMeters>1300.0</DistanceMeters></Trackpoint>
<Trackpoint><Time>2026-09-20T08:02:52Z</Time><Position><LatitudeDegrees>45.712071</LatitudeDegrees><LongitudeDegrees>6.080279</LongitudeDegrees></Position><AltitudeMeters>455.6</AltitudeMeters><DistanceMeters>1350.0</DistanceMeters></Trackpoint>
<Trackpoint><Time>2026-09-20T08:02:58Z</Time><Position><LatitudeDegrees>45.712511</LatitudeDegrees><LongitudeDegrees>6.080141</LongitudeDegrees></Position><AltitudeMeters>456.8</AltitudeMeters><DistanceMeters>1400.0</DistanceMeters></Trackpoint>
<Trackpoint><Time>2026-09-20T08:03:04Z</Time><Position><LatitudeDegrees>45.712950</LatitudeDegrees><LongitudeDegrees>6.079998</LongitudeDegrees></Position><AltitudeMeters>457.9</AltitudeMeters><DistanceMeters>1450.0</DistanceMeters></Trackpoint>
<Trackpoint><Time>2026-09-20T08:03:11Z</Time><Position><LatitudeDegrees>45.713389</LatitudeDegrees><LongitudeDegrees>6.079850</LongitudeDegrees></Position><AltitudeMeters>459.0</AltitudeMeters><DistanceMeters>1500.0</DistanceMeters></Trackpoint>
<Trackpoint><Time>2026-09-20T08:03:17Z</Time><Position><LatitudeDegrees>45.713826</LatitudeDegrees><LongitudeDegrees>6.079697</LongitudeDegrees></Position><AltitudeMeters>460.0</AltitudeMeters><DistanceMeters>1550.0</DistanceMeters></Trackpoint>
<Trackpoint><Time>2026-09-20T08:03:24Z</Time><Position><LatitudeDegrees>45.714263</LatitudeDegrees><LongitudeDegrees>6.079539</LongitudeDegrees></Position><AltitudeMeters>461.1</AltitudeMeters><DistanceMeters>1600.0</DistanceMeters></Trackpoint>
<Trackpoint><Time>2026-09-20T08:03:30Z</Time><Position><LatitudeDegrees>45.714699</LatitudeDegrees><LongitudeDegrees>6.079376</LongitudeDegrees></Position><AltitudeMeters>462.1</AltitudeMeters><DistanceMeters>1650.0</DistanceMeters></Trackpoint>
<Trackpoint><Time>2026-09-20T08:03:36Z</Time><Position><LatitudeDegrees>45.715134</LatitudeDegrees><LongitudeDegrees>6.079208</LongitudeDegrees></Position><AltitudeMeters>463.1</AltitudeMeters><DistanceMeters>1700.0</DistanceMeters></Trackpoint>
<Trackpoint><Time>2026-09-20T08:03:43Z</Time><Position><LatitudeDegrees>45.715568</LatitudeDegrees><LongitudeDegrees>6.079036</LongitudeDegrees></Position><AltitudeMeters>464.1</AltitudeMeters><DistanceMeters>1750.0</DistanceMeters></Trackpoint>
<Trackpoint><Time>2026-09-20T08:03:49Z</Time><Position><LatitudeDegrees>45.716001</LatitudeDegrees><LongitudeDegrees>6.078858</LongitudeDegrees></Position><AltitudeMeters>465.0</AltitudeMeters><DistanceMeters>1800.0</DistanceMeters></Trackpoint>
<Trackpoint><Time>2026-09-20T08:03:55Z</Time><Position><LatitudeDegrees>45.716433</LatitudeDegrees><LongitudeDegrees>6.078676</LongitudeDegrees></Position><AltitudeMeters>465.9</AltitudeMeters><DistanceMeters>1850.0</DistanceMeters></Trackpoint>
<Trackpoint><Time>2026-09-20T08:04:02Z</Time><Position><LatitudeDegrees>45.716864</LatitudeDegrees><LongitudeDegrees>6.078489</LongitudeDegrees></Position><AltitudeMeters>466.8</AltitudeMeters><DistanceMeters>1900.0</DistanceMeters></Trackpoint>
<Trackpoint><Time>2026-09-20T08:04:08Z</Time><Position><LatitudeDegrees>45.717294</LatitudeDegrees><LongitudeDegrees>6.078297</LongitudeDegrees></Position><AltitudeMeters>467.7</AltitudeMeters><DistanceMeters>1950.0</DistanceMeters></Trackpoint>
<Trackpoint><Time>2026-09-20T08:04:15Z</Time><Position><LatitudeDegrees>45.717723</LatitudeDegrees><LongitudeDegrees>6.078100</LongitudeDegrees></Position><AltitudeMeters>468.5</AltitudeMeters><DistanceMeters>2000.0</DistanceMeters></Trackpoint>
<Trackpoint><Time>2026-09-20T08:04:21Z</Time><Position><LatitudeDegrees>45.718151</LatitudeDegrees><LongitudeDegrees>6.077898</LongitudeDegrees></Position><AltitudeMeters>469.4</AltitudeMeters><DistanceMeters>2050.0</DistanceMeters></Trackpoint>
<Trackpoint><Time>2026-09-20T08:04:27Z</Time><Position><LatitudeDegrees>45.718578</LatitudeDegrees><LongitudeDegrees>6.077692</LongitudeDegrees></Position><AltitudeMeters>470.1</AltitudeMeters><DistanceMeters>2100.0</DistanceMeters></Trackpoint>
<Trackpoint><Time>2026-09-20T08:04:34Z</Time><Position><LatitudeDegrees>45.719003</LatitudeDegrees><LongitudeDegrees>6.077480</LongitudeDegrees></Position><AltitudeMeters>470.9</AltitudeMeters><DistanceMeters>2150.0</DistanceMeters></Trackpoint>
<Trackpoint><Time>2026-09-20T08:04:40Z</Time><Position><LatitudeDegrees>45.719428</LatitudeDegrees><LongitudeDegrees>6.077264</LongitudeDegrees></Position><AltitudeMeters>471.6</AltitudeMeters><DistanceMeters>2200.0</DistanceMeters></Trackpoint>
<Trackpoint><Time>2026-09-20T08:04:46Z</Time><Position><LatitudeDegrees>45.719851</LatitudeDegrees><LongitudeDegrees>6.077043</LongitudeDegrees></Position><AltitudeMeters>472.3</AltitudeMeters><DistanceMeters>2250.0</DistanceMeters></Trackpoint>
<Trackpoint><Time>2026-09-20T08:04:53Z</Time><Position><LatitudeDegrees>45.720273</LatitudeDegrees><LongitudeDegrees>6.076818</LongitudeDegrees></Position><AltitudeMeters>473.0</AltitudeMeters><DistanceMeters>2300.0</DistanceMeters></Trackpoint>
<Trackpoint><Time>2026-09-20T08:04:59Z</Time><Position><LatitudeDegrees>45.720694</LatitudeDegrees><LongitudeDegrees>6.076587</LongitudeDegrees></Position><AltitudeMeters>473.7</AltitudeMeters><DistanceMeters>2350.0</DistanceMeters></Trackpoint>
<Trackpoint><Time>2026-09-20T08:05:06Z</Time><Position><LatitudeDegrees>45.721113</LatitudeDegrees><LongitudeDegrees>6.076352</LongitudeDegrees></Position><AltitudeMeters>474.3</AltitudeMeters><DistanceMeters>2400.0</DistanceMeters></Trackpoint>
<Trackpoint><Time>2026-09-20T08:05:12Z</Time><Position><LatitudeDegrees>45.721531</LatitudeDegrees><LongitudeDegrees>6.076112</LongitudeDegrees></Position><AltitudeMeters>474.9</AltitudeMeters><DistanceMeters>2450.0</DistanceMeters></Trackpoint>
<Trackpoint><Time>2026-09-20T08:05:18Z</Time><Position><LatitudeDegrees>45.721948</LatitudeDegrees><LongitudeDegrees>6.075868</LongitudeDegrees></Position><AltitudeMeters>475.4</AltitudeMeters><DistanceMeters>2500.0</DistanceMeters></Trackpoint>
<Trackpoint><Time>2026-09-20T08:05:25Z</Time><Position><LatitudeDegrees>45.722364</LatitudeDegrees><LongitudeDegrees>6.075619</LongitudeDegrees></Position><AltitudeMeters>476.0</AltitudeMeters><DistanceMeters>2550.0</DistanceMeters></Trackpoint>
<Trackpoint><Time>2026-09-20T08:05:31Z</Time><Position><LatitudeDegrees>45.722778</LatitudeDegrees><LongitudeDegrees>6.075365</LongitudeDegrees></Position><AltitudeMeters>476.5</AltitudeMeters><DistanceMeters>2600.0</DistanceMeters></Trackpoint>
<Trackpoint><Time>2026-09-20T08:05:37Z</Time><Position><LatitudeDegrees>45.723190</LatitudeDegrees><LongitudeDegrees>6.075107</LongitudeDegrees></Position><AltitudeMeters>476.9</AltitudeMeters><DistanceMeters>2650.0</DistanceMeters></Trackpoint>
<Trackpoint><Time>2026-09-20T08:05:44Z</Time><Position><LatitudeDegrees>45.723602</LatitudeDegrees><LongitudeDegrees>6.074843</LongitudeDegrees></Position><AltitudeMeters>477.3</AltitudeMeters><DistanceMeters>2700.0</DistanceMeters></Trackpoint>
<Trackpoint><Time>2026-09-20T08:05:50Z</Time><Position><LatitudeDegrees>45.724011</LatitudeDegrees><LongitudeDegrees>6.074576</LongitudeDegrees></Position><AltitudeMeters>477.7</AltitudeMeters><DistanceMeters>2750.0</DistanceMeters></Trackpoint>
<Trackpoint><Time>2026-09-20T08:05:57Z</Time><Position><LatitudeDegrees>45.724420</LatitudeDegrees><LongitudeDegrees>6.074303</LongitudeDegrees></Position><AltitudeMeters>478.1</AltitudeMeters><DistanceMeters>2800.0</DistanceMeters></Trackpoint>
<Trackpoint><Time>2026-09-20T08:06:03Z</Time><Position><LatitudeDegrees>45.724827</LatitudeDegrees><LongitudeDegrees>6.074027</LongitudeDegrees></Position><AltitudeMeters>478.5</AltitudeMeters><DistanceMeters>2850.0</DistanceMeters></Trackpoint>
<Trackpoint><Time>2026-09-20T08:06:09Z</Time><Position><LatitudeDegrees>45.725232</LatitudeDegrees><LongitudeDegrees>6.073745</LongitudeDegrees></Position><AltitudeMeters>478.8</AltitudeMeters><DistanceMeters>2900.0</DistanceMeters></Trackpoint>
<Trackpoint><Time>2026-09-20T08:06:16Z</Time><Position><LatitudeDegrees>45.725636</LatitudeDegrees><LongitudeDegrees>6.073459</LongitudeDegrees></Position><AltitudeMeters>479.0</AltitudeMeters><DistanceMeters>2950.0</DistanceMeters></Trackpoint>
<Trackpoint><Time>2026-09-20T08:06:22Z</Time><Position><LatitudeDegrees>45.726038</LatitudeDegrees><LongitudeDegrees>6.073169</LongitudeDegrees></Position><AltitudeMeters>479.3</AltitudeMeters><DistanceMeters>3000.0</DistanceMeters></Trackpoint>
<Trackpoint><Time>2026-09-20T08:06:28Z</Time><Position><LatitudeDegrees>45.726438</LatitudeDegrees><LongitudeDegrees>6.072873</LongitudeDegrees></Position><AltitudeMeters>479.5</AltitudeMeters><DistanceMeters>3050.0</DistanceMeters></Trackpoint>
<Trackpoint><Time>2026-09-20T08:06:35Z</Time><Position><LatitudeDegrees>45.726837</LatitudeDegrees><LongitudeDegrees>6.072574</LongitudeDegrees></Position><AltitudeMeters>479.6</AltitudeMeters><DistanceMeters>3100.0</DistanceMeters></Trackpoint>
<Trackpoint><Time>2026-09-20T08:06:41Z</Time><Position><LatitudeDegrees>45.727235</LatitudeDegrees><LongitudeDegrees>6.072270</LongitudeDegrees></Position><AltitudeMeters>479.8</AltitudeMeters><DistanceMeters>3150.0</DistanceMeters></Trackpoint>
<Trackpoint><Time>2026-09-20T08:06:48Z</Time><Position><LatitudeDegrees>45.727630</LatitudeDegrees><LongitudeDegrees>6.071961</LongitudeDegrees></Position><AltitudeMeters>479.9</AltitudeMeters><DistanceMeters>3200.0</DistanceMeters></Trackpoint>
<Trackpoint><Time>2026-09-20T08:06:54Z</Time><Position><LatitudeDegrees>45.728024</LatitudeDegrees><LongitudeDegrees>6.071648</LongitudeDegrees></Position><AltitudeMeters>480.0</AltitudeMeters><DistanceMeters>3250.0</DistanceMeters></Trackpoint>
<Trackpoint><Time>2026-09-20T08:07:00Z</Time><Position><LatitudeDegrees>45.728416</LatitudeDegrees><LongitudeDegrees>6.071331</LongitudeDegrees></Position><AltitudeMeters>480.0</AltitudeMeters><DistanceMeters>3300.0</DistanceMeters></Trackpoint>
<Trackpoint><Time>2026-09-20T08:07:07Z</Time><Position><LatitudeDegrees>45.728807</LatitudeDegrees><LongitudeDegrees>6.071009</LongitudeDegrees></Position><AltitudeMeters>480.0</AltitudeMeters><DistanceMeters>3350.0</DistanceMeters></Trackpoint>
<Trackpoint><Time>2026-09-20T08:07:13Z</Time><Position><LatitudeDegrees>45.729195</LatitudeDegrees><LongitudeDegrees>6.070683</LongitudeDegrees></Position><AltitudeMeters>480.0</AltitudeMeters><DistanceMeters>3400.0</DistanceMeters></Trackpoint>
<Trackpoint><Time>2026-09-20T08:07:19Z</Time><Position><LatitudeDegrees>45.729582</LatitudeDegrees><LongitudeDegrees>6.070353</LongitudeDegrees></Position><AltitudeMeters>479.9</AltitudeMeters><DistanceMeters>3450.0</DistanceMeters></Trackpoint>
<Trackpoint><Time>2026-09-20T08:07:26Z</Time><Position><LatitudeDegrees>45.729967</LatitudeDegrees><LongitudeDegrees>6.070018</LongitudeDegrees></Position><AltitudeMeters>479.8</AltitudeMeters><DistanceMeters>3500.0</DistanceMeters></Trackpoint>
<Trackpoint><Time>2026-09-20T08:07:32Z</Time><Position><LatitudeDegrees>45.730350</LatitudeDegrees><LongitudeDegrees>6.069679</LongitudeDegrees></Position><AltitudeMeters>479.7</AltitudeMeters><DistanceMeters>3550.0</DistanceMeters></Trackpoint>
<Trackpoint><Time>2026-09-20T08:07:39Z</Time><Position><LatitudeDegrees>45.730731</LatitudeDegrees><LongitudeDegrees>6.069335</LongitudeDegrees></Position><AltitudeMeters>479.5</AltitudeMeters><DistanceMeters>3600.0</DistanceMeters></Trackpoint>
<Trackpoint><Time>2026-09-20T08:07:45Z</Time><Position><LatitudeDegrees>45.731111</LatitudeDegrees><LongitudeDegrees>6.068988</LongitudeDegrees></Position><AltitudeMeters>479.3</AltitudeMeters><DistanceMeters>3650.0</DistanceMeters></Trackpoint>
<Trackpoint><Time>2026-09-20T08:07:51Z</Time><Position><LatitudeDegrees>45.731488</LatitudeDegrees><LongitudeDegrees>6.068636</LongitudeDegrees></Position><AltitudeMeters>479.1</AltitudeMeters><DistanceMeters>3700.0</DistanceMeters></Trackpoint>
<Trackpoint><Time>2026-09-20T08:07:58Z</Time><Position><LatitudeDegrees>45.731864</LatitudeDegrees><LongitudeDegrees>6.068279</LongitudeDegrees></Position><AltitudeMeters>478.8</AltitudeMeters><DistanceMeters>3750.0</DistanceMeters></Trackpoint>
<Trackpoint><Time>2026-09-20T08:08:04Z</Time><Position><LatitudeDegrees>45.732237</LatitudeDegrees><LongitudeDegrees>6.067919</LongitudeDegrees></Position><AltitudeMeters>478.6</AltitudeMeters><DistanceMeters>3800.0</DistanceMeters></Trackpoint>
<Trackpoint><Time>2026-09-20T08:08:10Z</Time><Position><LatitudeDegrees>45.732609</LatitudeDegrees><LongitudeDegrees>6.067554</LongitudeDegrees></Position><AltitudeMeters>478.2</AltitudeMeters><DistanceMeters>3850.0</DistanceMeters></Trackpoint>
<Trackpoint><Time>2026-09-20T08:08:17Z</Time><Position><LatitudeDegrees>45.732978</LatitudeDegrees><LongitudeDegrees>6.067186</LongitudeDegrees></Position><AltitudeMeters>477.9</AltitudeMeters><DistanceMeters>3900.0</DistanceMeters></Trackpoint>
<Trackpoint><Time>2026-09-20T08:08:23Z</Time><Position><LatitudeDegrees>45.733346</LatitudeDegrees><LongitudeDegrees>6.066813</LongitudeDegrees></Position><AltitudeMeters>477.5</AltitudeMeters><DistanceMeters>3950.0</DistanceMeters></Trackpoint>
<Trackpoint><Time>2026-09-20T08:08:30Z</Time><Position><LatitudeDegrees>45.733711</LatitudeDegrees><LongitudeDegrees>6.066436</LongitudeDegrees></Position><AltitudeMeters>477.1</AltitudeMeters><DistanceMeters>4000.0</DistanceMeters></Trackpoint>
<Trackpoint><Time>2026-09-20T08:08:36Z</Time><Position><LatitudeDegrees>45.734075</LatitudeDegrees><LongitudeDegrees>6.066054</LongitudeDegrees></Position><AltitudeMeters>476.6</AltitudeMeters><DistanceMeters>4050.0</DistanceMeters></Trackpoint>
<Trackpoint><Time>2026-09-20T08:08:42Z</Time><Position><LatitudeDegrees>45.734436</LatitudeDegrees><LongitudeDegrees>6.065669</LongitudeDegrees></Position><AltitudeMeters>476.1</AltitudeMeters><DistanceMeters>4100.0</DistanceMeters></Trackpoint>
<Trackpoint><Time>2026-09-20T08:08:49Z</Time><Position><LatitudeDegrees>45.734795</LatitudeDegrees><LongitudeDegrees>6.065280</LongitudeDegrees></Position><AltitudeMeters>475.6</AltitudeMeters><DistanceMeters>4150.0</DistanceMeters></Trackpoint>
<Trackpoint><Time>2026-09-20T08:08:55Z</Time><Position><LatitudeDegrees>45.735152</LatitudeDegrees><LongitudeDegrees>6.064887</LongitudeDegrees></Position><AltitudeMeters>475.1</AltitudeMeters><DistanceMeters>4200.0</DistanceMeters></Trackpoint>
<Trackpoint><Time>2026-09-20T08:09:01Z</Time><Position><LatitudeDegrees>45.735507</LatitudeDegrees><LongitudeDegrees>6.064489</LongitudeDegrees></Position><AltitudeMeters>474.5</AltitudeMeters><DistanceMeters>4250.0</DistanceMeters></Trackpoint>
<Trackpoint><Time>2026-09-20T08:09:08Z</Time><Position><LatitudeDegrees>45.735860</LatitudeDegrees><LongitudeDegrees>6.064088</LongitudeDegrees></Position><AltitudeMeters>473.9</AltitudeMeters><DistanceMeters>4300.0</DistanceMeters></Trackpoint>
<Trackpoint><Time>2026-09-20T08:09:14Z</Time><Position><LatitudeDegrees>45.736210</LatitudeDegrees><LongitudeDegrees>6.063683</LongitudeDegrees></Position><AltitudeMeters>473.2</AltitudeMeters><DistanceMeters>4350.0</DistanceMeters></Trackpoint>
<Trackpoint><Time>2026-09-20T08:09:21Z</Time><Position><LatitudeDegrees>45.736558</LatitudeDegrees><LongitudeDegrees>6.063274</LongitudeDegrees></Position><AltitudeMeters>472.6</AltitudeMeters><DistanceMeters>4400.0</DistanceMeters></Trackpoint>
<Trackpoint><Time>2026-09-20T08:09:27Z</Time><Position><LatitudeDegrees>45.736904</LatitudeDegrees><LongitudeDegrees>6.062861</LongitudeDegrees></Position><AltitudeMeters>471.9</AltitudeMeters><DistanceMeters>4450.0</DistanceMeters></Trackpoint>
<Trackpoint><Time>2026-09-20T08:09:33Z</Time><Position><LatitudeDegrees>45.737248</LatitudeDegrees><LongitudeDegrees>6.062444</LongitudeDegrees></Position><AltitudeMeters>471.2</AltitudeMeters><DistanceMeters>4500.0</DistanceMeters></Trackpoint>
<Trackpoint><Time>2026-09-20T08:09:40Z</Time><Position><LatitudeDegrees>45.737589</LatitudeDegrees><LongitudeDegrees>6.062023</LongitudeDegrees></Position><AltitudeMeters>470.4</AltitudeMeters><DistanceMeters>4550.0</DistanceMeters></Trackpoint>
<Trackpoint><Time>2026-09-20T08:09:46Z</Time><Position><LatitudeDegrees>45.737928</LatitudeDegrees><LongitudeDegrees>6.061598</LongitudeDegrees></Position><AltitudeMeters>469.6</AltitudeMeters><DistanceMeters>4600.0</DistanceMeters></Trackpoint>
<Trackpoint><Time>2026-09-20T08:09:52Z</Time><Position><LatitudeDegrees>45.738265</LatitudeDegrees><LongitudeDegrees>6.061170</LongitudeDegrees></Position><AltitudeMeters>468.8</AltitudeMeters><DistanceMeters>4650.0</DistanceMeters></Trackpoint>
<Trackpoint><Time>2026-09-20T08:09:59Z</Time><Position><LatitudeDegrees>45.738599</LatitudeDegrees><LongitudeDegrees>6.060738</LongitudeDegrees></Position><AltitudeMeters>468.0</AltitudeMeters><DistanceMeters>4700.0</DistanceMeters></Trackpoint>
<Trackpoint><Time>2026-09-20T08:10:05Z</Time><Position><LatitudeDegrees>45.738931</LatitudeDegrees><LongitudeDegrees>6.060302</LongitudeDegrees></Position><AltitudeMeters>467.1</AltitudeMeters><DistanceMeters>4750.0</DistanceMeters></Trackpoint>
<Trackpoint><Time>2026-09-20T08:10:12Z</Time><Position><LatitudeDegrees>45.739261</LatitudeDegrees><LongitudeDegrees>6.059862</LongitudeDegrees></Position><AltitudeMeters>466.2</AltitudeMeters><DistanceMeters>4800.0</DistanceMeters></Trackpoint>
<Trackpoint><Time>2026-09-20T08:10:18Z</Time><Position><LatitudeDegrees>45.739588</LatitudeDegrees><LongitudeDegrees>6.059419</LongitudeDegrees></Position><AltitudeMeters>465.3</AltitudeMeters><DistanceMeters>4850.0</DistanceMeters></Trackpoint>
<Trackpoint><Time>2026-09-20T08:10:24Z</Time><Position><LatitudeDegrees>45.739913</LatitudeDegrees><LongitudeDegrees>6.058972</LongitudeDegrees></Position><AltitudeMeters>464.4</AltitudeMeters><DistanceMeters>4900.0</DistanceMeters></Trackpoint>
<Trackpoint><Time>2026-09-20T08:10:31Z</Time><Position><LatitudeDegrees>45.740235</LatitudeDegrees><LongitudeDegrees>6.058521</LongitudeDegrees></Position><AltitudeMeters>463.4</AltitudeMeters><DistanceMeters>4950.0</DistanceMeters></Trackpoint>
<Trackpoint><Time>2026-09-20T08:10:37Z</Time><Position><LatitudeDegrees>45.740555</LatitudeDegrees><LongitudeDegrees>6.058067</LongitudeDegrees></Position><AltitudeMeters>462.4</AltitudeMeters><DistanceMeters>5000.0</DistanceMeters></Trackpoint>
<Trackpoint><Time>2026-09-20T08:10:43Z</Time><Position><LatitudeDegrees>45.740872</LatitudeDegrees><LongitudeDegrees>6.057609</LongitudeDegrees></Position><AltitudeMeters>461.4</AltitudeMeters><DistanceMeters>5050.0</DistanceMeters></Trackpoint>
<Trackpoint><Time>2026-09-20T08:10:50Z</Time><Position><LatitudeDegrees>45.741187</LatitudeDegrees><LongitudeDegrees>6.057148</LongitudeDegrees></Position><AltitudeMeters>460.4</AltitudeMeters><DistanceMeters>5100.0</DistanceMeters></Trackpoint>
<Trackpoint><Time>2026-09-20T08:10:56Z</Time><Position><LatitudeDegrees>45.741499</LatitudeDegrees><LongitudeDegrees>6.056683</LongitudeDegrees></Position><AltitudeMeters>459.3</AltitudeMeters><DistanceMeters>5150.0</DistanceMeters></Trackpoint>
<Trackpoint><Time>2026-09-20T08:11:03Z</Time><Position><LatitudeDegrees>45.741809</LatitudeDegrees><LongitudeDegrees>6.056214</LongitudeDegrees></Position><AltitudeMeters>458.2</AltitudeMeters><DistanceMeters>5200.0</DistanceMeters></Trackpoint>
<Trackpoint><Time>2026-09-20T08:11:09Z</Time><Position><LatitudeDegrees>45.742116</LatitudeDegrees><LongitudeDegrees>6.055742</LongitudeDegrees></Position><AltitudeMeters>457.1</AltitudeMeters><DistanceMeters>5250.0</DistanceMeters></Trackpoint>
<Trackpoint><Time>2026-09-20T08:11:15Z</Time><Position><LatitudeDegrees>45.742420</LatitudeDegrees><LongitudeDegrees>6.055267</LongitudeDegrees></Position><AltitudeMeters>456.0</AltitudeMeters><DistanceMeters>5300.0</DistanceMeters></Trackpoint>
<Trackpoint><Time>2026-09-20T08:11:22Z</Time><Position><LatitudeDegrees>45.742722</LatitudeDegrees><LongitudeDegrees>6.054788</LongitudeDegrees></Position><AltitudeMeters>454.9</AltitudeMeters><DistanceMeters>5350.0</DistanceMeters></Trackpoint>
<Trackpoint><Time>2026-09-20T08:11:28Z</Time><Position><LatitudeDegrees>45.743021</LatitudeDegrees><LongitudeDegrees>6.054306</LongitudeDegrees></Position><AltitudeMeters>453.7</AltitudeMeters><DistanceMeters>5400.0</DistanceMeters></Trackpoint>
<Trackpoint><Time>2026-09-20T08:11:34Z</Time><Position><LatitudeDegrees>45.743318</LatitudeDegrees><LongitudeDegrees>6.053821</LongitudeDegrees></Position><AltitudeMeters>452.5</AltitudeMeters><DistanceMeters>5450.0</DistanceMeters></Trackpoint>
<Trackpoint><Time>2026-09-20T08:11:41Z</Time><Position><LatitudeDegrees>45.743612</LatitudeDegrees><LongitudeDegrees>6.053332</LongitudeDegrees></Position><AltitudeMeters>451.3</AltitudeMeters><DistanceMeters>5500.0</DistanceMeters></Trackpoint>
<Trackpoint><Time>2026-09-20T08:11:47Z</Time><Position><LatitudeDegrees>45.743903</LatitudeDegrees><LongitudeDegrees>6.052840</LongitudeDegrees></Position><AltitudeMeters>450.1</AltitudeMeters><DistanceMeters>5550.0</DistanceMeters></Trackpoint>
<Trackpoint><Time>2026-09-20T08:11:54Z</Time><Position><LatitudeDegrees>45.744191</LatitudeDegrees><LongitudeDegrees>6.052345</LongitudeDegrees></Position><AltitudeMeters>448.9</AltitudeMeters><DistanceMeters>5600.0</DistanceMeters></Trackpoint>
<Trackpoint><Time>2026-09-20T08:12:00Z</Time><Position><LatitudeDegrees>45.744477</LatitudeDegrees><LongitudeDegrees>6.051846</LongitudeDegrees></Position><AltitudeMeters>447.7</AltitudeMeters><DistanceMeters>5650.0</DistanceMeters></Trackpoint>
<Trackpoint><Time>2026-09-20T08:12:06Z</Time><Position><LatitudeDegrees>45.744760</LatitudeDegrees><LongitudeDegrees>6.051344</LongitudeDegrees></Position><AltitudeMeters>446.4</AltitudeMeters><DistanceMeters>5700.0</DistanceMeters></Trackpoint>
<Trackpoint><Time>2026-09-20T08:12:13Z</Time><Position><LatitudeDegrees>45.745040</LatitudeDegrees><LongitudeDegrees>6.050839</LongitudeDegrees></Position><AltitudeMeters>445.1</AltitudeMeters><DistanceMeters>5750.0</DistanceMeters></Trackpoint>
<Trackpoint><Time>2026-09-20T08:12:19Z</Time><Position><LatitudeDegrees>45.745318</LatitudeDegrees><LongitudeDegrees>6.050331</LongitudeDegrees></Position><AltitudeMeters>443.8</AltitudeMeters><DistanceMeters>5800.0</DistanceMeters></Trackpoint>
<Trackpoint><Time>2026-09-20T08:12:25Z</Time><Position><LatitudeDegrees>45.745593</LatitudeDegrees><LongitudeDegrees>6.049820</LongitudeDegrees></Position><AltitudeMeters>442.5</AltitudeMeters><DistanceMeters>5850.0</DistanceMeters></Trackpoint>
<Trackpoint><Time>2026-09-20T08:12:32Z</Time><Position><LatitudeDegrees>45.745864</LatitudeDegrees><LongitudeDegrees>6.049306</LongitudeDegrees></Position><AltitudeMeters>441.2</AltitudeMeters><DistanceMeters>5900.0</DistanceMeters></Trackpoint>
<Trackpoint><Time>2026-09-20T08:12:38Z</Time><Position><LatitudeDegrees>45.746133</LatitudeDegrees><LongitudeDegrees>6.048789</LongitudeDegrees></Position><AltitudeMeters>439.9</AltitudeMeters><DistanceMeters>5950.0</DistanceMeters></Trackpoint>
<Trackpoint><Time>2026-09-20T08:12:45Z</Time><Position><LatitudeDegrees>45.746400</LatitudeDegrees><LongitudeDegrees>6.048268</LongitudeDegrees></Position><AltitudeMeters>438.5</AltitudeMeters><DistanceMeters>6000.0</DistanceMeters></Trackpoint>
<Trackpoint><Time>2026-09-20T08:12:51Z</Time><Position><LatitudeDegrees>45.746663</LatitudeDegrees><LongitudeDegrees>6.047745</LongitudeDegrees></Position><AltitudeMeters>437.2</AltitudeMeters><DistanceMeters>6050.0</DistanceMeters></Trackpoint>
<Trackpoint><Time>2026-09-20T08:12:57Z</Time><Position><LatitudeDegrees>45.746923</LatitudeDegrees><LongitudeDegrees>6.047219</LongitudeDegrees></Position><AltitudeMeters>435.8</AltitudeMeters><DistanceMeters>6100.0</DistanceMeters></Trackpoint>
<Trackpoint><Time>2026-09-20T08:13:04Z</Time><Position><LatitudeDegrees>45.747181</LatitudeDegrees><LongitudeDegrees>6.046690</LongitudeDegrees></Position><AltitudeMeters>434.5</AltitudeMeters><DistanceMeters>6150.0</DistanceMeters></Trackpoint>
<Trackpoint><Time>2026-09-20T08:13:10Z</Time><Position><LatitudeDegrees>45.747436</LatitudeDegrees><LongitudeDegrees>6.046158</LongitudeDegrees></Position><AltitudeMeters>433.1</AltitudeMeters><DistanceMeters>6200.0</DistanceMeters></Trackpoint>
<Trackpoint><Time>2026-09-20T08:13:16Z</Time><Position><LatitudeDegrees>45.747687</LatitudeDegrees><LongitudeDegrees>6.045623</LongitudeDegrees></Position><AltitudeMeters>431.7</AltitudeMeters><DistanceMeters>6250.0</DistanceMeters></Trackpoint>
<Trackpoint><Time>2026-09-20T08:13:23Z</Time><Position><LatitudeDegrees>45.747936</LatitudeDegrees><LongitudeDegrees>6.045085</LongitudeDegrees></Position><AltitudeMeters>430.3</AltitudeMeters><DistanceMeters>6300.0</DistanceMeters></Trackpoint>
<Trackpoint><Time>2026-09-20T08:13:29Z</Time><Position><LatitudeDegrees>45.748182</LatitudeDegrees><LongitudeDegrees>6.044545</LongitudeDegrees></Position><AltitudeMeters>428.9</AltitudeMeters><DistanceMeters>6350.0</DistanceMeters></Trackpoint>
<Trackpoint><Time>2026-09-20T08:13:36Z</Time><Position><LatitudeDegrees>45.748425</LatitudeDegrees><LongitudeDegrees>6.044002</LongitudeDegrees></Position><AltitudeMeters>427.5</AltitudeMeters><DistanceMeters>6400.0</DistanceMeters></Trackpoint>
<Trackpoint><Time>2026-09-20T08:13:42Z</Time><Position><LatitudeDegrees>45.748665</LatitudeDegrees><LongitudeDegrees>6.043456</LongitudeDegrees></Position><AltitudeMeters>426.1</AltitudeMeters><DistanceMeters>6450.0</DistanceMeters></Trackpoint>
<Trackpoint><Time>2026-09-20T08:13:48Z</Time><Position><LatitudeDegrees>45.748902</LatitudeDegrees><LongitudeDegrees>6.042907</LongitudeDegrees></Position><AltitudeMeters>424.7</AltitudeMeters><DistanceMeters>6500.0</DistanceMeters></Trackpoint>
<Trackpoint><Time>2026-09-20T08:13:55Z</Time><Position><LatitudeDegrees>45.749135</LatitudeDegrees><LongitudeDegrees>6.042356</LongitudeDegrees></Position><AltitudeMeters>423.3</AltitudeMeters><DistanceMeters>6550.0</DistanceMeters></Trackpoint>
<Trackpoint><Time>2026-09-20T08:14:01Z</Time><Position><LatitudeDegrees>45.749366</LatitudeDegrees><LongitudeDegrees>6.041802</LongitudeDegrees></Position><AltitudeMeters>421.9</AltitudeMeters><DistanceMeters>6600.0</DistanceMeters></Trackpoint>
<Trackpoint><Time>2026-09-20T08:14:07Z</Time><Position><LatitudeDegrees>45.749594</LatitudeDegrees><LongitudeDegrees>6.041246</LongitudeDegrees></Position><AltitudeMeters>420.5</AltitudeMeters><DistanceMeters>6650.0</DistanceMeters></Trackpoint>
<Trackpoint><Time>2026-09-20T08:14:14Z</Time><Position><LatitudeDegrees>45.749819</LatitudeDegrees><LongitudeDegrees>6.040687</LongitudeDegrees></Position><AltitudeMeters>419.1</AltitudeMeters><DistanceMeters>6700.0</DistanceMeters></Trackpoint>
<Trackpoint><Time>2026-09-20T08:14:20Z</Time><Position><LatitudeDegrees>45.750040</LatitudeDegrees><LongitudeDegrees>6.040125</LongitudeDegrees></Position><AltitudeMeters>417.6</AltitudeMeters><DistanceMeters>6750.0</DistanceMeters></Trackpoint>
<Trackpoint><Time>2026-09-20T08:14:27Z</Time><Position><LatitudeDegrees>45.750259</LatitudeDegrees><LongitudeDegrees>6.039561</LongitudeDegrees></Position><AltitudeMeters>416.2</AltitudeMeters><DistanceMeters>6800.0</DistanceMeters></Trackpoint>
<Trackpoint><Time>2026-09-20T08:14:33Z</Time><Position><LatitudeDegrees>45.750474</LatitudeDegrees><LongitudeDegrees>6.038995</LongitudeDegrees></Position><AltitudeMeters>414.8</AltitudeMeters><DistanceMeters>6850.0</DistanceMeters></Trackpoint>
<Trackpoint><Time>2026-09-20T08:14:39Z</Time><Position><LatitudeDegrees>45.750687</LatitudeDegrees><LongitudeDegrees>6.038426</LongitudeDegrees></Position><AltitudeMeters>413.4</AltitudeMeters><DistanceMeters>6900.0</DistanceMeters></Trackpoint>
<Trackpoint><Time>2026-09-20T08:14:46Z</Time><Position><LatitudeDegrees>45.750896</LatitudeDegrees><LongitudeDegrees>6.037855</LongitudeDegrees></Position><AltitudeMeters>412.0</AltitudeMeters><DistanceMeters>6950.0</DistanceMeters></Trackpoint>
<Trackpoint><Time>2026-09-20T08:14:52Z</Time><Position><LatitudeDegrees>45.751102</LatitudeDegrees><LongitudeDegrees>6.037281</LongitudeDegrees></Position><AltitudeMeters>410.6</AltitudeMeters><DistanceMeters>7000.0</DistanceMeters></Trackpoint>
<Trackpoint><Time>2026-09-20T08:14:58Z</Time><Position><LatitudeDegrees>45.751305</LatitudeDegrees><LongitudeDegrees>6.036705</LongitudeDegrees></Position><AltitudeMeters>409.2</AltitudeMeters><DistanceMeters>7050.0</DistanceMeters></Trackpoint>
<Trackpoint><Time>2026-09-20T08:15:05Z</Time><Position><LatitudeDegrees>45.751505</LatitudeDegrees><LongitudeDegrees>6.036127</LongitudeDegrees></Position><AltitudeMeters>407.8</AltitudeMeters><DistanceMeters>7100.0</DistanceMeters></Trackpoint>
<Trackpoint><Time>2026-09-20T08:15:11Z</Time><Position><LatitudeDegrees>45.751701</LatitudeDegrees><LongitudeDegrees>6.035547</LongitudeDegrees></Position><AltitudeMeters>406.5</AltitudeMeters><DistanceMeters>7150.0</DistanceMeters></Trackpoint>
<Trackpoint><Time>2026-09-20T08:15:18Z</Time><Position><LatitudeDegrees>45.751895</LatitudeDegrees><LongitudeDegrees>6.034965</LongitudeDegrees></Position><AltitudeMeters>405.1</AltitudeMeters><DistanceMeters>7200.0</DistanceMeters></Trackpoint>
<Trackpoint><Time>2026-09-20T08:15:24Z</Time><Position><LatitudeDegrees>45.752085</LatitudeDegrees><LongitudeDegrees>6.034380</LongitudeDegrees></Position><AltitudeMeters>403.7</AltitudeMeters><DistanceMeters>7250.0</DistanceMeters></Trackpoint>
<Trackpoint><Time>2026-09-20T08:15:30Z</Time><Position><LatitudeDegrees>45.752272</LatitudeDegrees><LongitudeDegrees>6.033793</LongitudeDegrees></Position><AltitudeMeters>402.4</AltitudeMeters><DistanceMeters>7300.0</DistanceMeters></Trackpoint>
<Trackpoint><Time>2026-09-20T08:15:37Z</Time><Position><LatitudeDegrees>45.752456</LatitudeDegrees><LongitudeDegrees>6.033204</LongitudeDegrees></Position><AltitudeMeters>401.0</AltitudeMeters><DistanceMeters>7350.0</DistanceMeters></Trackpoint>
<Trackpoint><Time>2026-09-20T08:15:43Z</Time><Position><LatitudeDegrees>45.752636</LatitudeDegrees><LongitudeDegrees>6.032613</LongitudeDegrees></Position><AltitudeMeters>399.7</AltitudeMeters><DistanceMeters>7400.0</DistanceMeters></Trackpoint>
<Trackpoint><Time>2026-09-20T08:15:49Z</Time><Position><LatitudeDegrees>45.752813</LatitudeDegrees><LongitudeDegrees>6.032020</LongitudeDegrees></Position><AltitudeMeters>398.4</AltitudeMeters><DistanceMeters>7450.0</DistanceMeters></Trackpoint>
<Trackpoint><Time>2026-09-20T08:15:56Z</Time><Position><LatitudeDegrees>45.752987</LatitudeDegrees><LongitudeDegrees>6.031426</LongitudeDegrees></Position><AltitudeMeters>397.0</AltitudeMeters><DistanceMeters>7500.0</DistanceMeters></Trackpoint>
<Trackpoint><Time>2026-09-20T08:16:02Z</Time><Position><LatitudeDegrees>45.753158</LatitudeDegrees><LongitudeDegrees>6.030829</LongitudeDegrees></Position><AltitudeMeters>395.7</AltitudeMeters><DistanceMeters>7550.0</DistanceMeters></Trackpoint>
<Trackpoint><Time>2026-09-20T08:16:09Z</Time><Position><LatitudeDegrees>45.753326</LatitudeDegrees><LongitudeDegrees>6.030230</LongitudeDegrees></Position><AltitudeMeters>394.5</AltitudeMeters><DistanceMeters>7600.0</DistanceMeters></Trackpoint>
<Trackpoint><Time>2026-09-20T08:16:15Z</Time><Position><LatitudeDegrees>45.753490</LatitudeDegrees><LongitudeDegrees>6.029629</LongitudeDegrees></Position><AltitudeMeters>393.2</AltitudeMeters><DistanceMeters>7650.0</DistanceMeters></Trackpoint>
<Trackpoint><Time>2026-09-20T08:16:21Z</Time><Position><LatitudeDegrees>45.753651</LatitudeDegrees><LongitudeDegrees>6.029027</LongitudeDegrees></Position><AltitudeMeters>391.9</AltitudeMeters><DistanceMeters>7700.0</DistanceMeters></Trackpoint>
<Trackpoint><Time>2026-09-20T08:16:28Z</Time><Position><LatitudeDegrees>45.753808</LatitudeDegrees><LongitudeDegrees>6.028423</LongitudeDegrees></Position><AltitudeMeters>390.7</AltitudeMeters><DistanceMeters>7750.0</DistanceMeters></Trackpoint>
<Trackpoint><Time>2026-09-20T08:16:34Z</Time><Position><LatitudeDegrees>45.753962</LatitudeDegrees><LongitudeDegrees>6.027817</LongitudeDegrees></Position><AltitudeMeters>389.5</AltitudeMeters><DistanceMeters>7800.0</DistanceMeters></Trackpoint>
<Trackpoint><Time>2026-09-20T08:16:40Z</Time><Position><LatitudeDegrees>45.754113</LatitudeDegrees><LongitudeDegrees>6.027209</LongitudeDegrees></Position><AltitudeMeters>388.2</AltitudeMeters><DistanceMeters>7850.0</DistanceMeters></Trackpoint>
<Trackpoint><Time>2026-09-20T08:16:47Z</Time><Position><LatitudeDegrees>45.754261</LatitudeDegrees><LongitudeDegrees>6.026600</LongitudeDegrees></Position><AltitudeMeters>387.1</AltitudeMeters><DistanceMeters>7900.0</DistanceMeters></Trackpoint>
<Trackpoint><Time>2026-09-20T08:16:53Z</Time><Position><LatitudeDegrees>45.754405</LatitudeDegrees><LongitudeDegrees>6.025989</LongitudeDegrees></Position><AltitudeMeters>385.9</AltitudeMeters><DistanceMeters>7950.0</DistanceMeters></Trackpoint>
<Trackpoint><Time>2026-09-20T08:17:00Z</Time><Position><LatitudeDegrees>45.754546</LatitudeDegrees><LongitudeDegrees>6.025376</LongitudeDegrees></Position><AltitudeMeters>384.7</AltitudeMeters><DistanceMeters>8000.0</DistanceMeters></Trackpoint>
<Trackpoint><Time>2026-09-20T08:17:06Z</Time><Position><LatitudeDegrees>45.754684</LatitudeDegrees><LongitudeDegrees>6.024762</LongitudeDegrees></Position><AltitudeMeters>383.6</AltitudeMeters><DistanceMeters>8050.0</DistanceMeters></Trackpoint>
<Trackpoint><Time>2026-09-20T08:17:12Z</Time><Position><LatitudeDegrees>45.754818</LatitudeDegrees><LongitudeDegrees>6.024146</LongitudeDegrees></Position><AltitudeMeters>382.5</AltitudeMeters><DistanceMeters>8100.0</DistanceMeters></Trackpoint>
<Trackpoint><Time>2026-09-20T08:17:19Z</Time><Position><LatitudeDegrees>45.754948</LatitudeDegrees><LongitudeDegrees>6.023529</LongitudeDegrees></Position><AltitudeMeters>381.4</AltitudeMeters><DistanceMeters>8150.0</DistanceMeters></Trackpoint>
<Trackpoint><Time>2026-09-20T08:17:25Z</Time><Position><LatitudeDegrees>45.755076</LatitudeDegrees><LongitudeDegrees>6.022910</LongitudeDegrees></Position><AltitudeMeters>380.3</AltitudeMeters><DistanceMeters>8200.0</DistanceMeters></Trackpoint>
<Trackpoint><Time>2026-09-20T08:17:31Z</Time><Position><LatitudeDegrees>45.755200</LatitudeDegrees><LongitudeDegrees>6.022290</LongitudeDegrees></Position><AltitudeMeters>379.3</AltitudeMeters><DistanceMeters>8250.0</DistanceMeters></Trackpoint>
<Trackpoint><Time>2026-09-20T08:17:38Z</Time><Position><LatitudeDegrees>45.755320</LatitudeDegrees><LongitudeDegrees>6.021669</LongitudeDegrees></Position><AltitudeMeters>378.2</AltitudeMeters><DistanceMeters>8300.0</DistanceMeters></Trackpoint>
<Trackpoint><Time>2026-09-20T08:17:44Z</Time><Position><LatitudeDegrees>45.755438</LatitudeDegrees><LongitudeDegrees>6.021046</LongitudeDegrees></Position><AltitudeMeters>377.2</AltitudeMeters><DistanceMeters>8350.0</DistanceMeters></Trackpoint>
<Trackpoint><Time>2026-09-20T08:17:51Z</Time><Position><LatitudeDegrees>45.755551</LatitudeDegrees><LongitudeDegrees>6.020422</LongitudeDegrees></Position><AltitudeMeters>376.3</AltitudeMeters><DistanceMeters>8400.0</DistanceMeters></Trackpoint>
<Trackpoint><Time>2026-09-20T08:17:57Z</Time><Position><LatitudeDegrees>45.755662</LatitudeDegrees><LongitudeDegrees>6.019797</LongitudeDegrees></Position><AltitudeMeters>375.3</AltitudeMeters><DistanceMeters>8450.0</DistanceMeters></Trackpoint>
<Trackpoint><Time>2026-09-20T08:18:03Z</Time><Position><LatitudeDegrees>45.755768</LatitudeDegrees><LongitudeDegrees>6.019170</LongitudeDegrees></Position><AltitudeMeters>374.4</AltitudeMeters><DistanceMeters>8500.0</DistanceMeters></Trackpoint>
<Trackpoint><Time>2026-09-20T08:18:10Z</Time><Position><LatitudeDegrees>45.755872</LatitudeDegrees><LongitudeDegrees>6.018543</LongitudeDegrees></Position><AltitudeMeters>373.5</AltitudeMeters><DistanceMeters>8550.0</DistanceMeters></Trackpoint>
<Trackpoint><Time>2026-09-20T08:18:16Z</Time><Position><LatitudeDegrees>45.755972</LatitudeDegrees><LongitudeDegrees>6.017914</LongitudeDegrees></Position><AltitudeMeters>372.6</AltitudeMeters><DistanceMeters>8600.0</DistanceMeters></Trackpoint>
<Trackpoint><Time>2026-09-20T08:18:22Z</Time><Position><LatitudeDegrees>45.756068</LatitudeDegrees><LongitudeDegrees>6.017284</LongitudeDegrees></Position><AltitudeMeters>371.7</AltitudeMeters><DistanceMeters>8650.0</DistanceMeters></Trackpoint>
<Trackpoint><Time>2026-09-20T08:18:29Z</Time><Position><LatitudeDegrees>45.756161</LatitudeDegrees><LongitudeDegrees>6.016653</LongitudeDegrees></Position><AltitudeMeters>370.9</AltitudeMeters><DistanceMeters>8700.0</DistanceMeters></Trackpoint>
<Trackpoint><Time>2026-09-20T08:18:35Z</Time><Position><LatitudeDegrees>45.756251</LatitudeDegrees><LongitudeDegrees>6.016021</LongitudeDegrees></Position><AltitudeMeters>370.1</AltitudeMeters><DistanceMeters>8750.0</DistanceMeters></Trackpoint>
<Trackpoint><Time>2026-09-20T08:18:42Z</Time><Position><LatitudeDegrees>45.756337</LatitudeDegrees><LongitudeDegrees>6.015388</LongitudeDegrees></Position><AltitudeMeters>369.3</AltitudeMeters><DistanceMeters>8800.0</DistanceMeters></Trackpoint>
<Trackpoint><Time>2026-09-20T08:18:48Z</Time><Position><LatitudeDegrees>45.756420</LatitudeDegrees><LongitudeDegrees>6.014754</LongitudeDegrees></Position><AltitudeMeters>368.6</AltitudeMeters><DistanceMeters>8850.0</DistanceMeters></Trackpoint>
<Trackpoint><Time>2026-09-20T08:18:54Z</Time><Position><LatitudeDegrees>45.756499</LatitudeDegrees><LongitudeDegrees>6.014119</LongitudeDegrees></Position><AltitudeMeters>367.9</AltitudeMeters><DistanceMeters>8900.0</DistanceMeters></Trackpoint>
<Trackpoint><Time>2026-09-20T08:19:01Z</Time><Position><LatitudeDegrees>45.756575</LatitudeDegrees><LongitudeDegrees>6.013483</LongitudeDegrees></Position><AltitudeMeters>367.2</AltitudeMeters><DistanceMeters>8950.0</DistanceMeters></Trackpoint>
<Trackpoint><Time>2026-09-20T08:19:07Z</Time><Position><LatitudeDegrees>45.756647</LatitudeDegrees><LongitudeDegrees>6.012846</LongitudeDegrees></Position><AltitudeMeters>366.5</AltitudeMeters><DistanceMeters>9000.0</DistanceMeters></Trackpoint>
<Trackpoint><Time>2026-09-20T08:19:13Z</Time><Position><LatitudeDegrees>45.756716</LatitudeDegrees><LongitudeDegrees>6.012209</LongitudeDegrees></Position><AltitudeMeters>365.9</AltitudeMeters><DistanceMeters>9050.0</DistanceMeters></Trackpoint>
<Trackpoint><Time>2026-09-20T08:19:20Z</Time><Position><LatitudeDegrees>45.756781</LatitudeDegrees><LongitudeDegrees>6.011571</LongitudeDegrees></Position><AltitudeMeters>365.3</AltitudeMeters><DistanceMeters>9100.0</DistanceMeters></Trackpoint>
<Trackpoint><Time>2026-09-20T08:19:26Z</Time><Position><LatitudeDegrees>45.756843</LatitudeDegrees><LongitudeDegrees>6.010932</LongitudeDegrees></Position><AltitudeMeters>364.7</AltitudeMeters><DistanceMeters>9150.0</DistanceMeters></Trackpoint>
<Trackpoint><Time>2026-09-20T08:19:33Z</Time><Position><LatitudeDegrees>45.756901</LatitudeDegrees><LongitudeDegrees>6.010292</LongitudeDegrees></Position><AltitudeMeters>364.2</AltitudeMeters><DistanceMeters>9200.0</DistanceMeters></Trackpoint>
<Trackpoint><Time>2026-09-20T08:19:39Z</Time><Position><LatitudeDegrees>45.756956</LatitudeDegrees><LongitudeDegrees>6.009652</LongitudeDegrees></Position><AltitudeMeters>363.7</AltitudeMeters><DistanceMeters>9250.0</DistanceMeters></Trackpoint>
<Trackpoint><Time>2026-09-20T08:19:45Z</Time><Position><LatitudeDegrees>45.757007</LatitudeDegrees><LongitudeDegrees>6.009011</LongitudeDegrees></Position><AltitudeMeters>363.2</AltitudeMeters><DistanceMeters>9300.0</DistanceMeters></Trackpoint>
<Trackpoint><Time>2026-09-20T08:19:52Z</Time><Position><LatitudeDegrees>45.757054</LatitudeDegrees><LongitudeDegrees>6.008370</LongitudeDegrees></Position><AltitudeMeters>362.8</AltitudeMeters><DistanceMeters>9350.0</DistanceMeters></Trackpoint>
<Trackpoint><Time>2026-09-20T08:19:58Z</Time><Position><LatitudeDegrees>45.757099</LatitudeDegrees><LongitudeDegrees>6.007728</LongitudeDegrees></Position><AltitudeMeters>362.4</AltitudeMeters><DistanceMeters>9400.0</DistanceMeters></Trackpoint>
<Trackpoint><Time>2026-09-20T08:20:04Z</Time><Position><LatitudeDegrees>45.757139</LatitudeDegrees><LongitudeDegrees>6.007086</LongitudeDegrees></Position><AltitudeMeters>362.0</AltitudeMeters><DistanceMeters>9450.0</DistanceMeters></Trackpoint>
<Trackpoint><Time>2026-09-20T08:20:11Z</Time><Position><LatitudeDegrees>45.757176</LatitudeDegrees><LongitudeDegrees>6.006443</LongitudeDegrees></Position><AltitudeMeters>361.7</AltitudeMeters><DistanceMeters>9500.0</DistanceMeters></Trackpoint>
<Trackpoint><Time>2026-09-20T08:20:17Z</Time><Position><LatitudeDegrees>45.757210</LatitudeDegrees><LongitudeDegrees>6.005800</LongitudeDegrees></Position><AltitudeMeters>361.3</AltitudeMeters><DistanceMeters>9550.0</DistanceMeters></Trackpoint>
<Trackpoint><Time>2026-09-20T08:20:24Z</Time><Position><LatitudeDegrees>45.757240</LatitudeDegrees><LongitudeDegrees>6.005156</LongitudeDegrees></Position><AltitudeMeters>361.1</AltitudeMeters><DistanceMeters>9600.0</DistanceMeters></Trackpoint>
<Trackpoint><Time>2026-09-20T08:20:30Z</Time><Position><LatitudeDegrees>45.757266</LatitudeDegrees><LongitudeDegrees>6.004512</LongitudeDegrees></Position><AltitudeMeters>360.8</AltitudeMeters><DistanceMeters>9650.0</DistanceMeters></Trackpoint>
<Trackpoint><Time>2026-09-20T08:20:36Z</Time><Position><LatitudeDegrees>45.757289</LatitudeDegrees><LongitudeDegrees>6.003868</LongitudeDegrees></Position><AltitudeMeters>360.6</AltitudeMeters><DistanceMeters>9700.0</DistanceMeters></Trackpoint>
<Trackpoint><Time>2026-09-20T08:20:43Z</Time><Position><LatitudeDegrees>45.757309</LatitudeDegrees><LongitudeDegrees>6.003224</LongitudeDegrees></Position><AltitudeMeters>360.4</AltitudeMeters><DistanceMeters>9750.0</DistanceMeters></Trackpoint>
<Trackpoint><Time>2026-09-20T08:20:49Z</Time><Position><LatitudeDegrees>45.757325</LatitudeDegrees><LongitudeDegrees>6.002579</LongitudeDegrees></Position><AltitudeMeters>360.3</AltitudeMeters><DistanceMeters>9800.0</DistanceMeters></Trackpoint>
<Trackpoint><Time>2026-09-20T08:20:55Z</Time><Position><LatitudeDegrees>45.757337</LatitudeDegrees><LongitudeDegrees>6.001935</LongitudeDegrees></Position><AltitudeMeters>360.1</AltitudeMeters><DistanceMeters>9850.0</DistanceMeters></Trackpoint>
<Trackpoint><Time>2026-09-20T08:21:02Z</Time><Position><LatitudeDegrees>45.757346</LatitudeDegrees><LongitudeDegrees>6.001290</LongitudeDegrees></Position><AltitudeMeters>360.1</AltitudeMeters><DistanceMeters>9900.0</DistanceMeters></Trackpoint>
<Trackpoint><Time>2026-09-20T08:21:08Z</Time><Position><LatitudeDegrees>45.757351</LatitudeDegrees><LongitudeDegrees>6.000645</LongitudeDegrees></Position><AltitudeMeters>360.0</AltitudeMeters><DistanceMeters>9950.0</DistanceMeters></Trackpoint>
<Trackpoint><Time>2026-09-20T08:21:15Z</Time><Position><LatitudeDegrees>45.757353</LatitudeDegrees><LongitudeDegrees>6.000000</LongitudeDegrees></Position><AltitudeMeters>360.0</AltitudeMeters><DistanceMeters>10000.0</DistanceMeters></Trackpoint>
<Trackpoint><Time>2026-09-20T08:21:21Z</Time><Position><LatitudeDegrees>45.757351</LatitudeDegrees><LongitudeDegrees>5.999355</LongitudeDegrees></Position><AltitudeMeters>360.0</AltitudeMeters><DistanceMeters>10050.0</DistanceMeters></Trackpoint>
<Trackpoint><Time>2026-09-20T08:21:27Z</Time><Position><LatitudeDegrees>45.757346</LatitudeDegrees><LongitudeDegrees>5.998710</LongitudeDegrees></Position><AltitudeMeters>360.1</AltitudeMeters><DistanceMeters>10100.0</DistanceMeters></Trackpoint>
<Trackpoint><Time>2026-09-20T08:21:34Z</Time><Position><LatitudeDegrees>45.757337</LatitudeDegrees><LongitudeDegrees>5.998065</LongitudeDegrees></Position><AltitudeMeters>360.1</AltitudeMeters><DistanceMeters>10150.0</DistanceMeters></Trackpoint>
<Trackpoint><Time>2026-09-20T08:21:40Z</Time><Position><LatitudeDegrees>45.757325</LatitudeDegrees><LongitudeDegrees>5.997421</LongitudeDegrees></Position><AltitudeMeters>360.3</AltitudeMeters><DistanceMeters>10200.0</DistanceMeters></Trackpoint>
<Trackpoint><Time>2026-09-20T08:21:46Z</Time><Position><LatitudeDegrees>45.757309</LatitudeDegrees><LongitudeDegrees>5.996776</LongitudeDegrees></Position><AltitudeMeters>360.4</AltitudeMeters><DistanceMeters>10250.0</DistanceMeters></Trackpoint>
<Trackpoint><Time>2026-09-20T08:21:53Z</Time><Position><LatitudeDegrees>45.757289</LatitudeDegrees><LongitudeDegrees>5.996132</LongitudeDegrees></Position><AltitudeMeters>360.6</AltitudeMeters><DistanceMeters>10300.0</DistanceMeters></Trackpoint>
<Trackpoint><Time>2026-09-20T08:21:59Z</Time><Position><LatitudeDegrees>45.757266</LatitudeDegrees><LongitudeDegrees>5.995488</LongitudeDegrees></Position><AltitudeMeters>360.8</AltitudeMeters><DistanceMeters>10350.0</DistanceMeters></Trackpoint>
<Trackpoint><Time>2026-09-20T08:22:06Z</Time><Position><LatitudeDegrees>45.757240</LatitudeDegrees><LongitudeDegrees>5.994844</LongitudeDegrees></Position><AltitudeMeters>361.1</AltitudeMeters><DistanceMeters>10400.0</DistanceMeters></Trackpoint>
<Trackpoint><Time>2026-09-20T08:22:12Z</Time><Position><LatitudeDegrees>45.757210</LatitudeDegrees><LongitudeDegrees>5.994200</LongitudeDegrees></Position><AltitudeMeters>361.3</AltitudeMeters><DistanceMeters>10450.0</DistanceMeters></Trackpoint>
<Trackpoint><Time>2026-09-20T08:22:18Z</Time><Position><LatitudeDegrees>45.757176</LatitudeDegrees><LongitudeDegrees>5.993557</LongitudeDegrees></Position><AltitudeMeters>361.7</AltitudeMeters><DistanceMeters>10500.0</DistanceMeters></Trackpoint>
<Trackpoint><Time>2026-09-20T08:22:25Z</Time><Position><LatitudeDegrees>45.757139</LatitudeDegrees><LongitudeDegrees>5.992914</LongitudeDegrees></Position><AltitudeMeters>362.0</AltitudeMeters><DistanceMeters>10550.0</DistanceMeters></Trackpoint>
<Trackpoint><Time>2026-09-20T08:22:31Z</Time><Position><LatitudeDegrees>45.757099</LatitudeDegrees><LongitudeDegrees>5.992272</LongitudeDegrees></Position><AltitudeMeters>362.4</AltitudeMeters><DistanceMeters>10600.0</DistanceMeters></Trackpoint>
<Trackpoint><Time>2026-09-20T08:22:37Z</Time><Position><LatitudeDegrees>45.757054</LatitudeDegrees><LongitudeDegrees>5.991630</LongitudeDegrees></Position><AltitudeMeters>362.8</AltitudeMeters><DistanceMeters>10650.0</DistanceMeters></Trackpoint>
<Trackpoint><Time>2026-09-20T08:22:44Z</Time><Position><LatitudeDegrees>45.757007</LatitudeDegrees><LongitudeDegrees>5.990989</LongitudeDegrees></Position><AltitudeMeters>363.2</AltitudeMeters><DistanceMeters>10700.0</DistanceMeters></Trackpoint>
<Trackpoint><Time>2026-09-20T08:22:50Z</Time><Position><LatitudeDegrees>45.756956</LatitudeDegrees><LongitudeDegrees>5.990348</LongitudeDegrees></Position><AltitudeMeters>363.7</AltitudeMeters><DistanceMeters>10750.0</DistanceMeters></Trackpoint>
<Trackpoint><Time>2026-09-20T08:22:57Z</Time><Position><LatitudeDegrees>45.756901</LatitudeDegrees><LongitudeDegrees>5.989708</LongitudeDegrees></Position><AltitudeMeters>364.2</AltitudeMeters><DistanceMeters>10800.0</DistanceMeters></Trackpoint>
<Trackpoint><Time>2026-09-20T08:23:03Z</Time><Position><LatitudeDegrees>45.756843</LatitudeDegrees><LongitudeDegrees>5.989068</LongitudeDegrees></Position><AltitudeMeters>364.7</AltitudeMeters><DistanceMeters>10850.0</DistanceMeters></Trackpoint>
<Trackpoint><Time>2026-09-20T08:23:09Z</Time><Position><LatitudeDegrees>45.756781</LatitudeDegrees><LongitudeDegrees>5.988429</LongitudeDegrees></Position><AltitudeMeters>365.3</AltitudeMeters><DistanceMeters>10900.0</DistanceMeters></Trackpoint>
<Trackpoint><Time>2026-09-20T08:23:16Z</Time><Position><LatitudeDegrees>45.756716</LatitudeDegrees><LongitudeDegrees>5.987791</LongitudeDegrees></Position><AltitudeMeters>365.9</AltitudeMeters><DistanceMeters>10950.0</DistanceMeters></Trackpoint>
<Trackpoint><Time>2026-09-20T08:23:22Z</Time><Position><LatitudeDegrees>45.756647</LatitudeDegrees><LongitudeDegrees>5.987154</LongitudeDegrees></Position><AltitudeMeters>366.5</AltitudeMeters><DistanceMeters>11000.0</DistanceMeters></Trackpoint>
<Trackpoint><Time>2026-09-20T08:23:28Z</Time><Position><LatitudeDegrees>45.756575</LatitudeDegrees><LongitudeDegrees>5.986517</LongitudeDegrees></Position><AltitudeMeters>367.2</AltitudeMeters><DistanceMeters>11050.0</DistanceMeters></Trackpoint>
<Trackpoint><Time>2026-09-20T08:23:35Z</Time><Position><LatitudeDegrees>45.756499</LatitudeDegrees><LongitudeDegrees>5.985881</LongitudeDegrees></Position><AltitudeMeters>367.9</AltitudeMeters><DistanceMeters>11100.0</DistanceMeters></Trackpoint>
<Trackpoint><Time>2026-09-20T08:23:41Z</Time><Position><LatitudeDegrees>45.756420</LatitudeDegrees><LongitudeDegrees>5.985246</LongitudeDegrees></Position><AltitudeMeters>368.6</AltitudeMeters><DistanceMeters>11150.0</DistanceMeters></Trackpoint>
<Trackpoint><Time>2026-09-20T08:23:48Z</Time><Position><LatitudeDegrees>45.756337</LatitudeDegrees><LongitudeDegrees>5.984612</LongitudeDegrees></Position><AltitudeMeters>369.3</AltitudeMeters><DistanceMeters>11200.0</DistanceMeters></Trackpoint>
<Trackpoint><Time>2026-09-20T08:23:54Z</Time><Position><LatitudeDegrees>45.756251</LatitudeDegrees><LongitudeDegrees>5.983979</LongitudeDegrees></Position><AltitudeMeters>370.1</AltitudeMeters><DistanceMeters>11250.0</DistanceMeters></Trackpoint>
<Trackpoint><Time>2026-09-20T08:24:00Z</Time><Position><LatitudeDegrees>45.756161</LatitudeDegrees><LongitudeDegrees>5.983347</LongitudeDegrees></Position><AltitudeMeters>370.9</AltitudeMeters><DistanceMeters>11300.0</DistanceMeters></Trackpoint>
<Trackpoint><Time>2026-09-20T08:24:07Z</Time><Position><LatitudeDegrees>45.756068</LatitudeDegrees><LongitudeDegrees>5.982716</LongitudeDegrees></Position><AltitudeMeters>371.7</AltitudeMeters><DistanceMeters>11350.0</DistanceMeters></Trackpoint>
<Trackpoint><Time>2026-09-20T08:24:13Z</Time><Position><LatitudeDegrees>45.755972</LatitudeDegrees><LongitudeDegrees>5.982086</LongitudeDegrees></Position><AltitudeMeters>372.6</AltitudeMeters><DistanceMeters>11400.0</DistanceMeters></Trackpoint>
<Trackpoint><Time>2026-09-20T08:24:19Z</Time><Position><LatitudeDegrees>45.755872</LatitudeDegrees><LongitudeDegrees>5.981457</LongitudeDegrees></Position><AltitudeMeters>373.5</AltitudeMeters><DistanceMeters>11450.0</DistanceMeters></Trackpoint>
<Trackpoint><Time>2026-09-20T08:24:26Z</Time><Position><LatitudeDegrees>45.755768</LatitudeDegrees><LongitudeDegrees>5.980830</LongitudeDegrees></Position><AltitudeMeters>374.4</AltitudeMeters><DistanceMeters>11500.0</DistanceMeters></Trackpoint>
<Trackpoint><Time>2026-09-20T08:24:32Z</Time><Position><LatitudeDegrees>45.755662</LatitudeDegrees><LongitudeDegrees>5.980203</LongitudeDegrees></Position><AltitudeMeters>375.3</AltitudeMeters><DistanceMeters>11550.0</DistanceMeters></Trackpoint>
<Trackpoint><Time>2026-09-20T08:24:39Z</Time><Position><LatitudeDegrees>45.755551</LatitudeDegrees><LongitudeDegrees>5.979578</LongitudeDegrees></Position><AltitudeMeters>376.3</AltitudeMeters><DistanceMeters>11600.0</DistanceMeters></Trackpoint>
<Trackpoint><Time>2026-09-20T08:24:45Z</Time><Position><LatitudeDegrees>45.755438</LatitudeDegrees><LongitudeDegrees>5.978954</LongitudeDegrees></Position><AltitudeMeters>377.2</AltitudeMeters><DistanceMeters>11650.0</DistanceMeters></Trackpoint>
<Trackpoint><Time>2026-09-20T08:24:51Z</Time><Position><LatitudeDegrees>45.755320</LatitudeDegrees><LongitudeDegrees>5.978331</LongitudeDegrees></Position><AltitudeMeters>378.2</AltitudeMeters><DistanceMeters>11700.0</DistanceMeters></Trackpoint>
<Trackpoint><Time>2026-09-20T08:24:58Z</Time><Position><LatitudeDegrees>45.755200</LatitudeDegrees><LongitudeDegrees>5.977710</LongitudeDegrees></Position><AltitudeMeters>379.3</AltitudeMeters><DistanceMeters>11750.0</DistanceMeters></Trackpoint>
<Trackpoint><Time>2026-09-20T08:25:04Z</Time><Position><LatitudeDegrees>45.755076</LatitudeDegrees><LongitudeDegrees>5.977090</LongitudeDegrees></Position><AltitudeMeters>380.3</AltitudeMeters><DistanceMeters>11800.0</DistanceMeters></Trackpoint>
<Trackpoint><Time>2026-09-20T08:25:10Z</Time><Position><LatitudeDegrees>45.754948</LatitudeDegrees><LongitudeDegrees>5.976471</LongitudeDegrees></Position><AltitudeMeters>381.4</AltitudeMeters><DistanceMeters>11850.0</DistanceMeters></Trackpoint>
<Trackpoint><Time>2026-09-20T08:25:17Z</Time><Position><LatitudeDegrees>45.754818</LatitudeDegrees><LongitudeDegrees>5.975854</LongitudeDegrees></Position><AltitudeMeters>382.5</AltitudeMeters><DistanceMeters>11900.0</DistanceMeters></Trackpoint>
<Trackpoint><Time>2026-09-20T08:25:23Z</Time><Position><LatitudeDegrees>45.754684</LatitudeDegrees><LongitudeDegrees>5.975238</LongitudeDegrees></Position><AltitudeMeters>383.6</AltitudeMeters><DistanceMeters>11950.0</DistanceMeters></Trackpoint>
<Trackpoint><Time>2026-09-20T08:25:30Z</Time><Position><LatitudeDegrees>45.754546</LatitudeDegrees><LongitudeDegrees>5.974624</LongitudeDegrees></Position><AltitudeMeters>384.7</AltitudeMeters><DistanceMeters>12000.0</DistanceMeters></Trackpoint>
<Trackpoint><Time>2026-09-20T08:25:36Z</Time><Position><LatitudeDegrees>45.754405</LatitudeDegrees><LongitudeDegrees>5.974011</LongitudeDegrees></Position><AltitudeMeters>385.9</AltitudeMeters><DistanceMeters>12050.0</DistanceMeters></Trackpoint>
<Trackpoint><Time>2026-09-20T08:25:42Z</Time><Position><LatitudeDegrees>45.754261</LatitudeDegrees><LongitudeDegrees>5.973400</LongitudeDegrees></Position><AltitudeMeters>387.1</AltitudeMeters><DistanceMeters>12100.0</DistanceMeters></Trackpoint>
<Trackpoint><Time>2026-09-20T08:25:49Z</Time><Position><LatitudeDegrees>45.754113</LatitudeDegrees><LongitudeDegrees>5.972791</LongitudeDegrees></Position><AltitudeMeters>388.2</AltitudeMeters><DistanceMeters>12150.0</DistanceMeters></Trackpoint>
<Trackpoint><Time>2026-09-20T08:25:55Z</Time><Position><LatitudeDegrees>45.753962</LatitudeDegrees><LongitudeDegrees>5.972183</LongitudeDegrees></Position><AltitudeMeters>389.5</AltitudeMeters><DistanceMeters>12200.0</DistanceMeters></Trackpoint>
<Trackpoint><Time>2026-09-20T08:26:01Z</Time><Position><LatitudeDegrees>45.753808</LatitudeDegrees><LongitudeDegrees>5.971577</LongitudeDegrees></Position><AltitudeMeters>390.7</AltitudeMeters><DistanceMeters>12250.0</DistanceMeters></Trackpoint>
<Trackpoint><Time>2026-09-20T08:26:08Z</Time><Position><LatitudeDegrees>45.753651</LatitudeDegrees><LongitudeDegrees>5.970973</LongitudeDegrees></Position><AltitudeMeters>391.9</AltitudeMeters><DistanceMeters>12300.0</DistanceMeters></Trackpoint>
<Trackpoint><Time>2026-09-20T08:26:14Z</Time><Position><LatitudeDegrees>45.753490</LatitudeDegrees><LongitudeDegrees>5.970371</LongitudeDegrees></Position><AltitudeMeters>393.2</AltitudeMeters><DistanceMeters>12350.0</DistanceMeters></Trackpoint>
<Trackpoint><Time>2026-09-20T08:26:21Z</Time><Position><LatitudeDegrees>45.753326</LatitudeDegrees><LongitudeDegrees>5.969770</LongitudeDegrees></Position><AltitudeMeters>394.5</AltitudeMeters><DistanceMeters>12400.0</DistanceMeters></Trackpoint>
<Trackpoint><Time>2026-09-20T08:26:27Z</Time><Position><LatitudeDegrees>45.753158</LatitudeDegrees><LongitudeDegrees>5.969171</LongitudeDegrees></Position><AltitudeMeters>395.7</AltitudeMeters><DistanceMeters>12450.0</DistanceMeters></Trackpoint>
<Trackpoint><Time>2026-09-20T08:26:33Z</Time><Position><LatitudeDegrees>45.752987</LatitudeDegrees><LongitudeDegrees>5.968574</LongitudeDegrees></Position><AltitudeMeters>397.0</AltitudeMeters><DistanceMeters>12500.0</DistanceMeters></Trackpoint>
<Trackpoint><Time>2026-09-20T08:26:40Z</Time><Position><LatitudeDegrees>45.752813</LatitudeDegrees><LongitudeDegrees>5.967980</LongitudeDegrees></Position><AltitudeMeters>398.4</AltitudeMeters><DistanceMeters>12550.0</DistanceMeters></Trackpoint>
<Trackpoint><Time>2026-09-20T08:26:46Z</Time><Position><LatitudeDegrees>45.752636</LatitudeDegrees><LongitudeDegrees>5.967387</LongitudeDegrees></Position><AltitudeMeters>399.7</AltitudeMeters><DistanceMeters>12600.0</DistanceMeters></Trackpoint>
<Trackpoint><Time>2026-09-20T08:26:52Z</Time><Position><LatitudeDegrees>45.752456</LatitudeDegrees><LongitudeDegrees>5.966796</LongitudeDegrees></Position><AltitudeMeters>401.0</AltitudeMeters><DistanceMeters>12650.0</DistanceMeters></Trackpoint>
<Trackpoint><Time>2026-09-20T08:26:59Z</Time><Position><LatitudeDegrees>45.752272</LatitudeDegrees><LongitudeDegrees>5.966207</LongitudeDegrees></Position><AltitudeMeters>402.4</AltitudeMeters><DistanceMeters>12700.0</DistanceMeters></Trackpoint>
<Trackpoint><Time>2026-09-20T08:27:05Z</Time><Position><LatitudeDegrees>45.752085</LatitudeDegrees><LongitudeDegrees>5.965620</LongitudeDegrees></Position><AltitudeMeters>403.7</AltitudeMeters><DistanceMeters>12750.0</DistanceMeters></Trackpoint>
<Trackpoint><Time>2026-09-20T08:27:12Z</Time><Position><LatitudeDegrees>45.751895</LatitudeDegrees><LongitudeDegrees>5.965035</LongitudeDegrees></Position><AltitudeMeters>405.1</AltitudeMeters><DistanceMeters>12800.0</DistanceMeters></Trackpoint>
<Trackpoint><Time>2026-09-20T08:27:18Z</Time><Position><LatitudeDegrees>45.751701</LatitudeDegrees><LongitudeDegrees>5.964453</LongitudeDegrees></Position><AltitudeMeters>406.5</AltitudeMeters><DistanceMeters>12850.0</DistanceMeters></Trackpoint>
<Trackpoint><Time>2026-09-20T08:27:24Z</Time><Position><LatitudeDegrees>45.751505</LatitudeDegrees><LongitudeDegrees>5.963873</LongitudeDegrees></Position><AltitudeMeters>407.8</AltitudeMeters><DistanceMeters>12900.0</DistanceMeters></Trackpoint>
<Trackpoint><Time>2026-09-20T08:27:31Z</Time><Position><LatitudeDegrees>45.751305</LatitudeDegrees><LongitudeDegrees>5.963295</LongitudeDegrees></Position><AltitudeMeters>409.2</AltitudeMeters><DistanceMeters>12950.0</DistanceMeters></Trackpoint>
<Trackpoint><Time>2026-09-20T08:27:37Z</Time><Position><LatitudeDegrees>45.751102</LatitudeDegrees><LongitudeDegrees>5.962719</LongitudeDegrees></Position><AltitudeMeters>410.6</AltitudeMeters><DistanceMeters>13000.0</DistanceMeters></Trackpoint>
<Trackpoint><Time>2026-09-20T08:27:43Z</Time><Position><LatitudeDegrees>45.750896</LatitudeDegrees><LongitudeDegrees>5.962145</LongitudeDegrees></Position><AltitudeMeters>412.0</AltitudeMeters><DistanceMeters>13050.0</DistanceMeters></Trackpoint>
<Trackpoint><Time>2026-09-20T08:27:50Z</Time><Position><LatitudeDegrees>45.750687</LatitudeDegrees><LongitudeDegrees>5.961574</LongitudeDegrees></Position><AltitudeMeters>413.4</AltitudeMeters><DistanceMeters>13100.0</DistanceMeters></Trackpoint>
<Trackpoint><Time>2026-09-20T08:27:56Z</Time><Position><LatitudeDegrees>45.750474</LatitudeDegrees><LongitudeDegrees>5.961005</LongitudeDegrees></Position><AltitudeMeters>414.8</AltitudeMeters><DistanceMeters>13150.0</DistanceMeters></Trackpoint>
<Trackpoint><Time>2026-09-20T08:28:03Z</Time><Position><LatitudeDegrees>45.750259</LatitudeDegrees><LongitudeDegrees>5.960439</LongitudeDegrees></Position><AltitudeMeters>416.2</AltitudeMeters><DistanceMeters>13200.0</DistanceMeters></Trackpoint>
<Trackpoint><Time>2026-09-20T08:28:09Z</Time><Position><LatitudeDegrees>45.750040</LatitudeDegrees><LongitudeDegrees>5.959875</LongitudeDegrees></Position><AltitudeMeters>417.6</AltitudeMeters><DistanceMeters>13250.0</DistanceMeters></Trackpoint>
<Trackpoint><Time>2026-09-20T08:28:15Z</Time><Position><LatitudeDegrees>45.749819</LatitudeDegrees><LongitudeDegrees>5.959313</LongitudeDegrees></Position><AltitudeMeters>419.1</AltitudeMeters><DistanceMeters>13300.0</DistanceMeters></Trackpoint>
<Trackpoint><Time>2026-09-20T08:28:22Z</Time><Position><LatitudeDegrees>45.749594</LatitudeDegrees><LongitudeDegrees>5.958754</LongitudeDegrees></Position><AltitudeMeters>420.5</AltitudeMeters><DistanceMeters>13350.0</DistanceMeters></Trackpoint>
<Trackpoint><Time>2026-09-20T08:28:28Z</Time><Position><LatitudeDegrees>45.749366</LatitudeDegrees><LongitudeDegrees>5.958198</LongitudeDegrees></Position><AltitudeMeters>421.9</AltitudeMeters><DistanceMeters>13400.0</DistanceMeters></Trackpoint>
<Trackpoint><Time>2026-09-20T08:28:34Z</Time><Position><LatitudeDegrees>45.749135</LatitudeDegrees><LongitudeDegrees>5.957644</LongitudeDegrees></Position><AltitudeMeters>423.3</AltitudeMeters><DistanceMeters>13450.0</DistanceMeters></Trackpoint>
<Trackpoint><Time>2026-09-20T08:28:41Z</Time><Position><LatitudeDegrees>45.748902</LatitudeDegrees><LongitudeDegrees>5.957093</LongitudeDegrees></Position><AltitudeMeters>424.7</AltitudeMeters><DistanceMeters>13500.0</DistanceMeters></Trackpoint>
<Trackpoint><Time>2026-09-20T08:28:47Z</Time><Position><LatitudeDegrees>45.748665</LatitudeDegrees><LongitudeDegrees>5.956544</LongitudeDegrees></Position><AltitudeMeters>426.1</AltitudeMeters><DistanceMeters>13550.0</DistanceMeters></Trackpoint>
<Trackpoint><Time>2026-09-20T08:28:54Z</Time><Position><LatitudeDegrees>45.748425</LatitudeDegrees><LongitudeDegrees>5.955998</LongitudeDegrees></Position><AltitudeMeters>427.5</AltitudeMeters><DistanceMeters>13600.0</DistanceMeters></Trackpoint>
<Trackpoint><Time>2026-09-20T08:29:00Z</Time><Position><LatitudeDegrees>45.748182</LatitudeDegrees><LongitudeDegrees>5.955455</LongitudeDegrees></Position><AltitudeMeters>428.9</AltitudeMeters><DistanceMeters>13650.0</DistanceMeters></Trackpoint>
<Trackpoint><Time>2026-09-20T08:29:06Z</Time><Position><LatitudeDegrees>45.747936</LatitudeDegrees><LongitudeDegrees>5.954915</LongitudeDegrees></Position><AltitudeMeters>430.3</AltitudeMeters><DistanceMeters>13700.0</DistanceMeters></Trackpoint>
<Trackpoint><Time>2026-09-20T08:29:13Z</Time><Position><LatitudeDegrees>45.747687</LatitudeDegrees><LongitudeDegrees>5.954377</LongitudeDegrees></Position><AltitudeMeters>431.7</AltitudeMeters><DistanceMeters>13750.0</DistanceMeters></Trackpoint>
<Trackpoint><Time>2026-09-20T08:29:19Z</Time><Position><LatitudeDegrees>45.747436</LatitudeDegrees><LongitudeDegrees>5.953842</LongitudeDegrees></Position><AltitudeMeters>433.1</AltitudeMeters><DistanceMeters>13800.0</DistanceMeters></Trackpoint>
<Trackpoint><Time>2026-09-20T08:29:25Z</Time><Position><LatitudeDegrees>45.747181</LatitudeDegrees><LongitudeDegrees>5.953310</LongitudeDegrees></Position><AltitudeMeters>434.5</AltitudeMeters><DistanceMeters>13850.0</DistanceMeters></Trackpoint>
<Trackpoint><Time>2026-09-20T08:29:32Z</Time><Position><LatitudeDegrees>45.746923</LatitudeDegrees><LongitudeDegrees>5.952781</LongitudeDegrees></Position><AltitudeMeters>435.8</AltitudeMeters><DistanceMeters>13900.0</DistanceMeters></Trackpoint>
<Trackpoint><Time>2026-09-20T08:29:38Z</Time><Position><LatitudeDegrees>45.746663</LatitudeDegrees><LongitudeDegrees>5.952255</LongitudeDegrees></Position><AltitudeMeters>437.2</AltitudeMeters><DistanceMeters>13950.0</DistanceMeters></Trackpoint>
<Trackpoint><Time>2026-09-20T08:29:45Z</Time><Position><LatitudeDegrees>45.746400</LatitudeDegrees><LongitudeDegrees>5.951732</LongitudeDegrees></Position><AltitudeMeters>438.5</AltitudeMeters><DistanceMeters>14000.0</DistanceMeters></Trackpoint>
<Trackpoint><Time>2026-09-20T08:29:51Z</Time><Position><LatitudeDegrees>45.746133</LatitudeDegrees><LongitudeDegrees>5.951211</LongitudeDegrees></Position><AltitudeMeters>439.9</AltitudeMeters><DistanceMeters>14050.0</DistanceMeters></Trackpoint>
<Trackpoint><Time>2026-09-20T08:29:57Z</Time><Position><LatitudeDegrees>45.745864</LatitudeDegrees><LongitudeDegrees>5.950694</LongitudeDegrees></Position><AltitudeMeters>441.2</AltitudeMeters><DistanceMeters>14100.0</DistanceMeters></Trackpoint>
<Trackpoint><Time>2026-09-20T08:30:04Z</Time><Position><LatitudeDegrees>45.745593</LatitudeDegrees><LongitudeDegrees>5.950180</LongitudeDegrees></Position><AltitudeMeters>442.5</AltitudeMeters><DistanceMeters>14150.0</DistanceMeters></Trackpoint>
<Trackpoint><Time>2026-09-20T08:30:10Z</Time><Position><LatitudeDegrees>45.745318</LatitudeDegrees><LongitudeDegrees>5.949669</LongitudeDegrees></Position><AltitudeMeters>443.8</AltitudeMeters><DistanceMeters>14200.0</DistanceMeters></Trackpoint>
<Trackpoint><Time>2026-09-20T08:30:16Z</Time><Position><LatitudeDegrees>45.745040</LatitudeDegrees><LongitudeDegrees>5.949161</LongitudeDegrees></Position><AltitudeMeters>445.1</AltitudeMeters><DistanceMeters>14250.0</DistanceMeters></Trackpoint>
<Trackpoint><Time>2026-09-20T08:30:23Z</Time><Position><LatitudeDegrees>45.744760</LatitudeDegrees><LongitudeDegrees>5.948656</LongitudeDegrees></Position><AltitudeMeters>446.4</AltitudeMeters><DistanceMeters>14300.0</DistanceMeters></Trackpoint>
<Trackpoint><Time>2026-09-20T08:30:29Z</Time><Position><LatitudeDegrees>45.744477</LatitudeDegrees><LongitudeDegrees>5.948154</LongitudeDegrees></Position><AltitudeMeters>447.7</AltitudeMeters><DistanceMeters>14350.0</DistanceMeters></Trackpoint>
<Trackpoint><Time>2026-09-20T08:30:36Z</Time><Position><LatitudeDegrees>45.744191</LatitudeDegrees><LongitudeDegrees>5.947655</LongitudeDegrees></Position><AltitudeMeters>448.9</AltitudeMeters><DistanceMeters>14400.0</DistanceMeters></Trackpoint>
<Trackpoint><Time>2026-09-20T08:30:42Z</Time><Position><LatitudeDegrees>45.743903</LatitudeDegrees><LongitudeDegrees>5.947160</LongitudeDegrees></Position><AltitudeMeters>450.1</AltitudeMeters><DistanceMeters>14450.0</DistanceMeters></Trackpoint>
<Trackpoint><Time>2026-09-20T08:30:48Z</Time><Position><LatitudeDegrees>45.743612</LatitudeDegrees><LongitudeDegrees>5.946668</LongitudeDegrees></Position><AltitudeMeters>451.3</AltitudeMeters><DistanceMeters>14500.0</DistanceMeters></Trackpoint>
<Trackpoint><Time>2026-09-20T08:30:55Z</Time><Position><LatitudeDegrees>45.743318</LatitudeDegrees><LongitudeDegrees>5.946179</LongitudeDegrees></Position><AltitudeMeters>452.5</AltitudeMeters><DistanceMeters>14550.0</DistanceMeters></Trackpoint>
<Trackpoint><Time>2026-09-20T08:31:01Z</Time><Position><LatitudeDegrees>45.743021</LatitudeDegrees><LongitudeDegrees>5.945694</LongitudeDegrees></Position><AltitudeMeters>453.7</AltitudeMeters><DistanceMeters>14600.0</DistanceMeters></Trackpoint>
<Trackpoint><Time>2026-09-20T08:31:07Z</Time><Position><LatitudeDegrees>45.742722</LatitudeDegrees><LongitudeDegrees>5.945212</LongitudeDegrees></Position><AltitudeMeters>454.9</AltitudeMeters><DistanceMeters>14650.0</DistanceMeters></Trackpoint>
<Trackpoint><Time>2026-09-20T08:31:14Z</Time><Position><LatitudeDegrees>45.742420</LatitudeDegrees><LongitudeDegrees>5.944733</LongitudeDegrees></Position><AltitudeMeters>456.0</AltitudeMeters><DistanceMeters>14700.0</DistanceMeters></Trackpoint>
<Trackpoint><Time>2026-09-20T08:31:20Z</Time><Position><LatitudeDegrees>45.742116</LatitudeDegrees><LongitudeDegrees>5.944258</LongitudeDegrees></Position><AltitudeMeters>457.1</AltitudeMeters><DistanceMeters>14750.0</DistanceMeters></Trackpoint>
<Trackpoint><Time>2026-09-20T08:31:27Z</Time><Position><LatitudeDegrees>45.741809</LatitudeDegrees><LongitudeDegrees>5.943786</LongitudeDegrees></Position><AltitudeMeters>458.2</AltitudeMeters><DistanceMeters>14800.0</DistanceMeters></Trackpoint>
<Trackpoint><Time>2026-09-20T08:31:33Z</Time><Position><LatitudeDegrees>45.741499</LatitudeDegrees><LongitudeDegrees>5.943317</LongitudeDegrees></Position><AltitudeMeters>459.3</AltitudeMeters><DistanceMeters>14850.0</DistanceMeters></Trackpoint>
<Trackpoint><Time>2026-09-20T08:31:39Z</Time><Position><LatitudeDegrees>45.741187</LatitudeDegrees><LongitudeDegrees>5.942852</LongitudeDegrees></Position><AltitudeMeters>460.4</AltitudeMeters><DistanceMeters>14900.0</DistanceMeters></Trackpoint>
<Trackpoint><Time>2026-09-20T08:31:46Z</Time><Position><LatitudeDegrees>45.740872</LatitudeDegrees><LongitudeDegrees>5.942391</LongitudeDegrees></Position><AltitudeMeters>461.4</AltitudeMeters><DistanceMeters>14950.0</DistanceMeters></Trackpoint>
<Trackpoint><Time>2026-09-20T08:31:52Z</Time><Position><LatitudeDegrees>45.740555</LatitudeDegrees><LongitudeDegrees>5.941933</LongitudeDegrees></Position><AltitudeMeters>462.4</AltitudeMeters><DistanceMeters>15000.0</DistanceMeters></Trackpoint>
<Trackpoint><Time>2026-09-20T08:31:58Z</Time><Position><LatitudeDegrees>45.740235</LatitudeDegrees><LongitudeDegrees>5.941479</LongitudeDegrees></Position><AltitudeMeters>463.4</AltitudeMeters><DistanceMeters>15050.0</DistanceMeters></Trackpoint>
<Trackpoint><Time>2026-09-20T08:32:05Z</Time><Position><LatitudeDegrees>45.739913</LatitudeDegrees><LongitudeDegrees>5.941028</LongitudeDegrees></Position><AltitudeMeters>464.4</AltitudeMeters><DistanceMeters>15100.0</DistanceMeters></Trackpoint>
<Trackpoint><Time>2026-09-20T08:32:11Z</Time><Position><LatitudeDegrees>45.739588</LatitudeDegrees><LongitudeDegrees>5.940581</LongitudeDegrees></Position><AltitudeMeters>465.3</AltitudeMeters><DistanceMeters>15150.0</DistanceMeters></Trackpoint>
<Trackpoint><Time>2026-09-20T08:32:18Z</Time><Position><LatitudeDegrees>45.739261</LatitudeDegrees><LongitudeDegrees>5.940138</LongitudeDegrees></Position><AltitudeMeters>466.2</AltitudeMeters><DistanceMeters>15200.0</DistanceMeters></Trackpoint>
<Trackpoint><Time>2026-09-20T08:32:24Z</Time><Position><LatitudeDegrees>45.738931</LatitudeDegrees><LongitudeDegrees>5.939698</LongitudeDegrees></Position><AltitudeMeters>467.1</AltitudeMeters><DistanceMeters>15250.0</DistanceMeters></Trackpoint>
<Trackpoint><Time>2026-09-20T08:32:30Z</Time><Position><LatitudeDegrees>45.738599</LatitudeDegrees><LongitudeDegrees>5.939262</LongitudeDegrees></Position><AltitudeMeters>468.0</AltitudeMeters><DistanceMeters>15300.0</DistanceMeters></Trackpoint>
<Trackpoint><Time>2026-09-20T08:32:37Z</Time><Position><LatitudeDegrees>45.738265</LatitudeDegrees><LongitudeDegrees>5.938830</LongitudeDegrees></Position><AltitudeMeters>468.8</AltitudeMeters><DistanceMeters>15350.0</DistanceMeters></Trackpoint>
<Trackpoint><Time>2026-09-20T08:32:43Z</Time><Position><LatitudeDegrees>45.737928</LatitudeDegrees><LongitudeDegrees>5.938402</LongitudeDegrees></Position><AltitudeMeters>469.6</AltitudeMeters><DistanceMeters>15400.0</DistanceMeters></Trackpoint>
<Trackpoint><Time>2026-09-20T08:32:49Z</Time><Position><LatitudeDegrees>45.737589</LatitudeDegrees><LongitudeDegrees>5.937977</LongitudeDegrees></Position><AltitudeMeters>470.4</AltitudeMeters><DistanceMeters>15450.0</DistanceMeters></Trackpoint>
<Trackpoint><Time>2026-09-20T08:32:56Z</Time><Position><LatitudeDegrees>45.737248</LatitudeDegrees><LongitudeDegrees>5.937556</LongitudeDegrees></Position><AltitudeMeters>471.2</AltitudeMeters><DistanceMeters>15500.0</DistanceMeters></Trackpoint>
<Trackpoint><Time>2026-09-20T08:33:02Z</Time><Position><LatitudeDegrees>45.736904</LatitudeDegrees><LongitudeDegrees>5.937139</LongitudeDegrees></Position><AltitudeMeters>471.9</AltitudeMeters><DistanceMeters>15550.0</DistanceMeters></Trackpoint>
<Trackpoint><Time>2026-09-20T08:33:09Z</Time><Position><LatitudeDegrees>45.736558</LatitudeDegrees><LongitudeDegrees>5.936726</LongitudeDegrees></Position><AltitudeMeters>472.6</AltitudeMeters><DistanceMeters>15600.0</DistanceMeters></Trackpoint>
<Trackpoint><Time>2026-09-20T08:33:15Z</Time><Position><LatitudeDegrees>45.736210</LatitudeDegrees><LongitudeDegrees>5.936317</LongitudeDegrees></Position><AltitudeMeters>473.2</AltitudeMeters><DistanceMeters>15650.0</DistanceMeters></Trackpoint>
<Trackpoint><Time>2026-09-20T08:33:21Z</Time><Position><LatitudeDegrees>45.735860</LatitudeDegrees><LongitudeDegrees>5.935912</LongitudeDegrees></Position><AltitudeMeters>473.9</AltitudeMeters><DistanceMeters>15700.0</DistanceMeters></Trackpoint>
<Trackpoint><Time>2026-09-20T08:33:28Z</Time><Position><LatitudeDegrees>45.735507</LatitudeDegrees><LongitudeDegrees>5.935511</LongitudeDegrees></Position><AltitudeMeters>474.5</AltitudeMeters><DistanceMeters>15750.0</DistanceMeters></Trackpoint>
<Trackpoint><Time>2026-09-20T08:33:34Z</Time><Position><LatitudeDegrees>45.735152</LatitudeDegrees><LongitudeDegrees>5.935113</LongitudeDegrees></Position><AltitudeMeters>475.1</AltitudeMeters><DistanceMeters>15800.0</DistanceMeters></Trackpoint>
<Trackpoint><Time>2026-09-20T08:33:40Z</Time><Position><LatitudeDegrees>45.734795</LatitudeDegrees><LongitudeDegrees>5.934720</LongitudeDegrees></Position><AltitudeMeters>475.6</AltitudeMeters><DistanceMeters>15850.0</DistanceMeters></Trackpoint>
<Trackpoint><Time>2026-09-20T08:33:47Z</Time><Position><LatitudeDegrees>45.734436</LatitudeDegrees><LongitudeDegrees>5.934331</LongitudeDegrees></Position><AltitudeMeters>476.1</AltitudeMeters><DistanceMeters>15900.0</DistanceMeters></Trackpoint>
<Trackpoint><Time>2026-09-20T08:33:53Z</Time><Position><LatitudeDegrees>45.734075</LatitudeDegrees><LongitudeDegrees>5.933946</LongitudeDegrees></Position><AltitudeMeters>476.6</AltitudeMeters><DistanceMeters>15950.0</DistanceMeters></Trackpoint>
<Trackpoint><Time>2026-09-20T08:34:00Z</Time><Position><LatitudeDegrees>45.733711</LatitudeDegrees><LongitudeDegrees>5.933564</LongitudeDegrees></Position><AltitudeMeters>477.1</AltitudeMeters><DistanceMeters>16000.0</DistanceMeters></Trackpoint>
<Trackpoint><Time>2026-09-20T08:34:06Z</Time><Position><LatitudeDegrees>45.733346</LatitudeDegrees><LongitudeDegrees>5.933187</LongitudeDegrees></Position><AltitudeMeters>477.5</AltitudeMeters><DistanceMeters>16050.0</DistanceMeters></Trackpoint>
<Trackpoint><Time>2026-09-20T08:34:12Z</Time><Position><LatitudeDegrees>45.732978</LatitudeDegrees><LongitudeDegrees>5.932814</LongitudeDegrees></Position><AltitudeMeters>477.9</AltitudeMeters><DistanceMeters>16100.0</DistanceMeters></Trackpoint>
<Trackpoint><Time>2026-09-20T08:34:19Z</Time><Position><LatitudeDegrees>45.732609</LatitudeDegrees><LongitudeDegrees>5.932446</LongitudeDegrees></Position><AltitudeMeters>478.2</AltitudeMeters><DistanceMeters>16150.0</DistanceMeters></Trackpoint>
<Trackpoint><Time>2026-09-20T08:34:25Z</Time><Position><LatitudeDegrees>45.732237</LatitudeDegrees><LongitudeDegrees>5.932081</LongitudeDegrees></Position><AltitudeMeters>478.6</AltitudeMeters><DistanceMeters>16200.0</DistanceMeters></Trackpoint>
<Trackpoint><Time>2026-09-20T08:34:31Z</Time><Position><LatitudeDegrees>45.731864</LatitudeDegrees><LongitudeDegrees>5.931721</LongitudeDegrees></Position><AltitudeMeters>478.8</AltitudeMeters><DistanceMeters>16250.0</DistanceMeters></Trackpoint>
<Trackpoint><Time>2026-09-20T08:34:38Z</Time><Position><LatitudeDegrees>45.731488</LatitudeDegrees><LongitudeDegrees>5.931364</LongitudeDegrees></Position><AltitudeMeters>479.1</AltitudeMeters><DistanceMeters>16300.0</DistanceMeters></Trackpoint>
<Trackpoint><Time>2026-09-20T08:34:44Z</Time><Position><LatitudeDegrees>45.731111</LatitudeDegrees><LongitudeDegrees>5.931012</LongitudeDegrees></Position><AltitudeMeters>479.3</AltitudeMeters><DistanceMeters>16350.0</DistanceMeters></Trackpoint>
<Trackpoint><Time>2026-09-20T08:34:51Z</Time><Position><LatitudeDegrees>45.730731</LatitudeDegrees><LongitudeDegrees>5.930665</LongitudeDegrees></Position><AltitudeMeters>479.5</AltitudeMeters><DistanceMeters>16400.0</DistanceMeters></Trackpoint>
<Trackpoint><Time>2026-09-20T08:34:57Z</Time><Position><LatitudeDegrees>45.730350</LatitudeDegrees><LongitudeDegrees>5.930321</LongitudeDegrees></Position><AltitudeMeters>479.7</AltitudeMeters><DistanceMeters>16450.0</DistanceMeters></Trackpoint>
<Trackpoint><Time>2026-09-20T08:35:03Z</Time><Position><LatitudeDegrees>45.729967</LatitudeDegrees><LongitudeDegrees>5.929982</LongitudeDegrees></Position><AltitudeMeters>479.8</AltitudeMeters><DistanceMeters>16500.0</DistanceMeters></Trackpoint>
<Trackpoint><Time>2026-09-20T08:35:10Z</Time><Position><LatitudeDegrees>45.729582</LatitudeDegrees><LongitudeDegrees>5.929647</LongitudeDegrees></Position><AltitudeMeters>479.9</AltitudeMeters><DistanceMeters>16550.0</DistanceMeters></Trackpoint>
<Trackpoint><Time>2026-09-20T08:35:16Z</Time><Position><LatitudeDegrees>45.729195</LatitudeDegrees><LongitudeDegrees>5.929317</LongitudeDegrees></Position><AltitudeMeters>480.0</AltitudeMeters><DistanceMeters>16600.0</DistanceMeters></Trackpoint>
<Trackpoint><Time>2026-09-20T08:35:22Z</Time><Position><LatitudeDegrees>45.728807</LatitudeDegrees><LongitudeDegrees>5.928991</LongitudeDegrees></Position><AltitudeMeters>480.0</AltitudeMeters><DistanceMeters>16650.0</DistanceMeters></Trackpoint>
<Trackpoint><Time>2026-09-20T08:35:29Z</Time><Position><LatitudeDegrees>45.728416</LatitudeDegrees><LongitudeDegrees>5.928669</LongitudeDegrees></Position><AltitudeMeters>480.0</AltitudeMeters><DistanceMeters>16700.0</DistanceMeters></Trackpoint>
<Trackpoint><Time>2026-09-20T08:35:35Z</Time><Position><LatitudeDegrees>45.728024</LatitudeDegrees><LongitudeDegrees>5.928352</LongitudeDegrees></Position><AltitudeMeters>480.0</AltitudeMeters><DistanceMeters>16750.0</DistanceMeters></Trackpoint>
<Trackpoint><Time>2026-09-20T08:35:42Z</Time><Position><LatitudeDegrees>45.727630</LatitudeDegrees><LongitudeDegrees>5.928039</LongitudeDegrees></Position><AltitudeMeters>479.9</AltitudeMeters><DistanceMeters>16800.0</DistanceMeters></Trackpoint>
<Trackpoint><Time>2026-09-20T08:35:48Z</Time><Position><LatitudeDegrees>45.727235</LatitudeDegrees><LongitudeDegrees>5.927730</LongitudeDegrees></Position><AltitudeMeters>479.8</AltitudeMeters><DistanceMeters>16850.0</DistanceMeters></Trackpoint>
<Trackpoint><Time>2026-09-20T08:35:54Z</Time><Position><LatitudeDegrees>45.726837</LatitudeDegrees><LongitudeDegrees>5.927426</LongitudeDegrees></Position><AltitudeMeters>479.6</AltitudeMeters><DistanceMeters>16900.0</DistanceMeters></Trackpoint>
<Trackpoint><Time>2026-09-20T08:36:01Z</Time><Position><LatitudeDegrees>45.726438</LatitudeDegrees><LongitudeDegrees>5.927127</LongitudeDegrees></Position><AltitudeMeters>479.5</AltitudeMeters><DistanceMeters>16950.0</DistanceMeters></Trackpoint>
<Trackpoint><Time>2026-09-20T08:36:07Z</Time><Position><LatitudeDegrees>45.726038</LatitudeDegrees><LongitudeDegrees>5.926831</LongitudeDegrees></Position><AltitudeMeters>479.3</AltitudeMeters><DistanceMeters>17000.0</DistanceMeters></Trackpoint>
<Trackpoint><Time>2026-09-20T08:36:13Z</Time><Position><LatitudeDegrees>45.725636</LatitudeDegrees><LongitudeDegrees>5.926541</LongitudeDegrees></Position><AltitudeMeters>479.0</AltitudeMeters><DistanceMeters>17050.0</DistanceMeters></Trackpoint>
<Trackpoint><Time>2026-09-20T08:36:20Z</Time><Position><LatitudeDegrees>45.725232</LatitudeDegrees><LongitudeDegrees>5.926255</LongitudeDegrees></Position><AltitudeMeters>478.8</AltitudeMeters><DistanceMeters>17100.0</DistanceMeters></Trackpoint>
<Trackpoint><Time>2026-09-20T08:36:26Z</Time><Position><LatitudeDegrees>45.724827</LatitudeDegrees><LongitudeDegrees>5.925973</LongitudeDegrees></Position><AltitudeMeters>478.5</AltitudeMeters><DistanceMeters>17150.0</DistanceMeters></Trackpoint>
<Trackpoint><Time>2026-09-20T08:36:33Z</Time><Position><LatitudeDegrees>45.724420</LatitudeDegrees><LongitudeDegrees>5.925697</LongitudeDegrees></Position><AltitudeMeters>478.1</AltitudeMeters><DistanceMeters>17200.0</DistanceMeters></Trackpoint>
<Trackpoint><Time>2026-09-20T08:36:39Z</Time><Position><LatitudeDegrees>45.724011</LatitudeDegrees><LongitudeDegrees>5.925424</LongitudeDegrees></Position><AltitudeMeters>477.7</AltitudeMeters><DistanceMeters>17250.0</DistanceMeters></Trackpoint>
<Trackpoint><Time>2026-09-20T08:36:45Z</Time><Position><LatitudeDegrees>45.723602</LatitudeDegrees><LongitudeDegrees>5.925157</LongitudeDegrees></Position><AltitudeMeters>477.3</AltitudeMeters><DistanceMeters>17300.0</DistanceMeters></Trackpoint>
<Trackpoint><Time>2026-09-20T08:36:52Z</Time><Position><LatitudeDegrees>45.723190</LatitudeDegrees><LongitudeDegrees>5.924893</LongitudeDegrees></Position><AltitudeMeters>476.9</AltitudeMeters><DistanceMeters>17350.0</DistanceMeters></Trackpoint>
<Trackpoint><Time>2026-09-20T08:36:58Z</Time><Position><LatitudeDegrees>45.722778</LatitudeDegrees><LongitudeDegrees>5.924635</LongitudeDegrees></Position><AltitudeMeters>476.5</AltitudeMeters><DistanceMeters>17400.0</DistanceMeters></Trackpoint>
<Trackpoint><Time>2026-09-20T08:37:04Z</Time><Position><LatitudeDegrees>45.722364</LatitudeDegrees><LongitudeDegrees>5.924381</LongitudeDegrees></Position><AltitudeMeters>476.0</AltitudeMeters><DistanceMeters>17450.0</DistanceMeters></Trackpoint>
<Trackpoint><Time>2026-09-20T08:37:11Z</Time><Position><LatitudeDegrees>45.721948</LatitudeDegrees><LongitudeDegrees>5.924132</LongitudeDegrees></Position><AltitudeMeters>475.4</AltitudeMeters><DistanceMeters>17500.0</DistanceMeters></Trackpoint>
<Trackpoint><Time>2026-09-20T08:37:17Z</Time><Position><LatitudeDegrees>45.721531</LatitudeDegrees><LongitudeDegrees>5.923888</LongitudeDegrees></Position><AltitudeMeters>474.9</AltitudeMeters><DistanceMeters>17550.0</DistanceMeters></Trackpoint>
<Trackpoint><Time>2026-09-20T08:37:24Z</Time><Position><LatitudeDegrees>45.721113</LatitudeDegrees><LongitudeDegrees>5.923648</LongitudeDegrees></Position><AltitudeMeters>474.3</AltitudeMeters><DistanceMeters>17600.0</DistanceMeters></Trackpoint>
<Trackpoint><Time>2026-09-20T08:37:30Z</Time><Position><LatitudeDegrees>45.720694</LatitudeDegrees><LongitudeDegrees>5.923413</LongitudeDegrees></Position><AltitudeMeters>473.7</AltitudeMeters><DistanceMeters>17650.0</DistanceMeters></Trackpoint>
<Trackpoint><Time>2026-09-20T08:37:36Z</Time><Position><LatitudeDegrees>45.720273</LatitudeDegrees><LongitudeDegrees>5.923182</LongitudeDegrees></Position><AltitudeMeters>473.0</AltitudeMeters><DistanceMeters>17700.0</DistanceMeters></Trackpoint>
<Trackpoint><Time>2026-09-20T08:37:43Z</Time><Position><LatitudeDegrees>45.719851</LatitudeDegrees><LongitudeDegrees>5.922957</LongitudeDegrees></Position><AltitudeMeters>472.3</AltitudeMeters><DistanceMeters>17750.0</DistanceMeters></Trackpoint>
<Trackpoint><Time>2026-09-20T08:37:49Z</Time><Position><LatitudeDegrees>45.719428</LatitudeDegrees><LongitudeDegrees>5.922736</LongitudeDegrees></Position><AltitudeMeters>471.6</AltitudeMeters><DistanceMeters>17800.0</DistanceMeters></Trackpoint>
<Trackpoint><Time>2026-09-20T08:37:55Z</Time><Position><LatitudeDegrees>45.719003</LatitudeDegrees><LongitudeDegrees>5.922520</LongitudeDegrees></Position><AltitudeMeters>470.9</AltitudeMeters><DistanceMeters>17850.0</DistanceMeters></Trackpoint>
<Trackpoint><Time>2026-09-20T08:38:02Z</Time><Position><LatitudeDegrees>45.718578</LatitudeDegrees><LongitudeDegrees>5.922308</LongitudeDegrees></Position><AltitudeMeters>470.1</AltitudeMeters><DistanceMeters>17900.0</DistanceMeters></Trackpoint>
<Trackpoint><Time>2026-09-20T08:38:08Z</Time><Position><LatitudeDegrees>45.718151</LatitudeDegrees><LongitudeDegrees>5.922102</LongitudeDegrees></Position><AltitudeMeters>469.4</AltitudeMeters><DistanceMeters>17950.0</DistanceMeters></Trackpoint>
<Trackpoint><Time>2026-09-20T08:38:15Z</Time><Position><LatitudeDegrees>45.717723</LatitudeDegrees><LongitudeDegrees>5.921900</LongitudeDegrees></Position><AltitudeMeters>468.5</AltitudeMeters><DistanceMeters>18000.0</DistanceMeters></Trackpoint>
<Trackpoint><Time>2026-09-20T08:38:21Z</Time><Position><LatitudeDegrees>45.717294</LatitudeDegrees><LongitudeDegrees>5.921703</LongitudeDegrees></Position><AltitudeMeters>467.7</AltitudeMeters><DistanceMeters>18050.0</DistanceMeters></Trackpoint>
<Trackpoint><Time>2026-09-20T08:38:27Z</Time><Position><LatitudeDegrees>45.716864</LatitudeDegrees><LongitudeDegrees>5.921511</LongitudeDegrees></Position><AltitudeMeters>466.8</AltitudeMeters><DistanceMeters>18100.0</DistanceMeters></Trackpoint>
<Trackpoint><Time>2026-09-20T08:38:34Z</Time><Position><LatitudeDegrees>45.716433</LatitudeDegrees><LongitudeDegrees>5.921324</LongitudeDegrees></Position><AltitudeMeters>465.9</AltitudeMeters><DistanceMeters>18150.0</DistanceMeters></Trackpoint>
<Trackpoint><Time>2026-09-20T08:38:40Z</Time><Position><LatitudeDegrees>45.716001</LatitudeDegrees><LongitudeDegrees>5.921142</LongitudeDegrees></Position><AltitudeMeters>465.0</AltitudeMeters><DistanceMeters>18200.0</DistanceMeters></Trackpoint>
<Trackpoint><Time>2026-09-20T08:38:46Z</Time><Position><LatitudeDegrees>45.715568</LatitudeDegrees><LongitudeDegrees>5.920964</LongitudeDegrees></Position><AltitudeMeters>464.1</AltitudeMeters><DistanceMeters>18250.0</DistanceMeters></Trackpoint>
<Trackpoint><Time>2026-09-20T08:38:53Z</Time><Position><LatitudeDegrees>45.715134</LatitudeDegrees><LongitudeDegrees>5.920792</LongitudeDegrees></Position><AltitudeMeters>463.1</AltitudeMeters><DistanceMeters>18300.0</DistanceMeters></Trackpoint>
<Trackpoint><Time>2026-09-20T08:38:59Z</Time><Position><LatitudeDegrees>45.714699</LatitudeDegrees><LongitudeDegrees>5.920624</LongitudeDegrees></Position><AltitudeMeters>462.1</AltitudeMeters><DistanceMeters>18350.0</DistanceMeters></Trackpoint>
<Trackpoint><Time>2026-09-20T08:39:06Z</Time><Position><LatitudeDegrees>45.714263</LatitudeDegrees><LongitudeDegrees>5.920461</LongitudeDegrees></Position><AltitudeMeters>461.1</AltitudeMeters><DistanceMeters>18400.0</DistanceMeters></Trackpoint>
<Trackpoint><Time>2026-09-20T08:39:12Z</Time><Position><LatitudeDegrees>45.713826</LatitudeDegrees><LongitudeDegrees>5.920303</LongitudeDegrees></Position><AltitudeMeters>460.0</AltitudeMeters><DistanceMeters>18450.0</DistanceMeters></Trackpoint>
<Trackpoint><Time>2026-09-20T08:39:18Z</Time><Position><LatitudeDegrees>45.713389</LatitudeDegrees><LongitudeDegrees>5.920150</LongitudeDegrees></Position><AltitudeMeters>459.0</AltitudeMeters><DistanceMeters>18500.0</DistanceMeters></Trackpoint>
<Trackpoint><Time>2026-09-20T08:39:25Z</Time><Position><LatitudeDegrees>45.712950</LatitudeDegrees><LongitudeDegrees>5.920002</LongitudeDegrees></Position><AltitudeMeters>457.9</AltitudeMeters><DistanceMeters>18550.0</DistanceMeters></Trackpoint>
<Trackpoint><Time>2026-09-20T08:39:31Z</Time><Position><LatitudeDegrees>45.712511</LatitudeDegrees><LongitudeDegrees>5.919859</LongitudeDegrees></Position><AltitudeMeters>456.8</AltitudeMeters><DistanceMeters>18600.0</DistanceMeters></Trackpoint>
<Trackpoint><Time>2026-09-20T08:39:37Z</Time><Position><LatitudeDegrees>45.712071</LatitudeDegrees><LongitudeDegrees>5.919721</LongitudeDegrees></Position><AltitudeMeters>455.6</AltitudeMeters><DistanceMeters>18650.0</DistanceMeters></Trackpoint>
<Trackpoint><Time>2026-09-20T08:39:44Z</Time><Position><LatitudeDegrees>45.711630</LatitudeDegrees><LongitudeDegrees>5.919587</LongitudeDegrees></Position><AltitudeMeters>454.5</AltitudeMeters><DistanceMeters>18700.0</DistanceMeters></Trackpoint>
<Trackpoint><Time>2026-09-20T08:39:50Z</Time><Position><LatitudeDegrees>45.711189</LatitudeDegrees><LongitudeDegrees>5.919459</LongitudeDegrees></Position><AltitudeMeters>453.3</AltitudeMeters><DistanceMeters>18750.0</DistanceMeters></Trackpoint>
<Trackpoint><Time>2026-09-20T08:39:57Z</Time><Position><LatitudeDegrees>45.710747</LatitudeDegrees><LongitudeDegrees>5.919336</LongitudeDegrees></Position><AltitudeMeters>452.1</AltitudeMeters><DistanceMeters>18800.0</DistanceMeters></Trackpoint>
<Trackpoint><Time>2026-09-20T08:40:03Z</Time><Position><LatitudeDegrees>45.710304</LatitudeDegrees><LongitudeDegrees>5.919217</LongitudeDegrees></Position><AltitudeMeters>450.9</AltitudeMeters><DistanceMeters>18850.0</DistanceMeters></Trackpoint>
<Trackpoint><Time>2026-09-20T08:40:09Z</Time><Position><LatitudeDegrees>45.709861</LatitudeDegrees><LongitudeDegrees>5.919104</LongitudeDegrees></Position><AltitudeMeters>449.7</AltitudeMeters><DistanceMeters>18900.0</DistanceMeters></Trackpoint>
<Trackpoint><Time>2026-09-20T08:40:16Z</Time><Position><LatitudeDegrees>45.709417</LatitudeDegrees><LongitudeDegrees>5.918995</LongitudeDegrees></Position><AltitudeMeters>448.5</AltitudeMeters><DistanceMeters>18950.0</DistanceMeters></Trackpoint>
<Trackpoint><Time>2026-09-20T08:40:22Z</Time><Position><LatitudeDegrees>45.708972</LatitudeDegrees><LongitudeDegrees>5.918892</LongitudeDegrees></Position><AltitudeMeters>447.2</AltitudeMeters><DistanceMeters>19000.0</DistanceMeters></Trackpoint>
<Trackpoint><Time>2026-09-20T08:40:28Z</Time><Position><LatitudeDegrees>45.708527</LatitudeDegrees><LongitudeDegrees>5.918794</LongitudeDegrees></Position><AltitudeMeters>446.0</AltitudeMeters><DistanceMeters>19050.0</DistanceMeters></Trackpoint>
<Trackpoint><Time>2026-09-20T08:40:35Z</Time><Position><LatitudeDegrees>45.708081</LatitudeDegrees><LongitudeDegrees>5.918700</LongitudeDegrees></Position><AltitudeMeters>444.7</AltitudeMeters><DistanceMeters>19100.0</DistanceMeters></Trackpoint>
<Trackpoint><Time>2026-09-20T08:40:41Z</Time><Position><LatitudeDegrees>45.707635</LatitudeDegrees><LongitudeDegrees>5.918612</LongitudeDegrees></Position><AltitudeMeters>443.4</AltitudeMeters><DistanceMeters>19150.0</DistanceMeters></Trackpoint>
<Trackpoint><Time>2026-09-20T08:40:48Z</Time><Position><LatitudeDegrees>45.707188</LatitudeDegrees><LongitudeDegrees>5.918529</LongitudeDegrees></Position><AltitudeMeters>442.1</AltitudeMeters><DistanceMeters>19200.0</DistanceMeters></Trackpoint>
<Trackpoint><Time>2026-09-20T08:40:54Z</Time><Position><LatitudeDegrees>45.706741</LatitudeDegrees><LongitudeDegrees>5.918450</LongitudeDegrees></Position><AltitudeMeters>440.8</AltitudeMeters><DistanceMeters>19250.0</DistanceMeters></Trackpoint>
<Trackpoint><Time>2026-09-20T08:41:00Z</Time><Position><LatitudeDegrees>45.706294</LatitudeDegrees><LongitudeDegrees>5.918377</LongitudeDegrees></Position><AltitudeMeters>439.4</AltitudeMeters><DistanceMeters>19300.0</DistanceMeters></Trackpoint>
<Trackpoint><Time>2026-09-20T08:41:07Z</Time><Position><LatitudeDegrees>45.705846</LatitudeDegrees><LongitudeDegrees>5.918309</LongitudeDegrees></Position><AltitudeMeters>438.1</AltitudeMeters><DistanceMeters>19350.0</DistanceMeters></Trackpoint>
<Trackpoint><Time>2026-09-20T08:41:13Z</Time><Position><LatitudeDegrees>45.705397</LatitudeDegrees><LongitudeDegrees>5.918245</LongitudeDegrees></Position><AltitudeMeters>436.7</AltitudeMeters><DistanceMeters>19400.0</DistanceMeters></Trackpoint>
<Trackpoint><Time>2026-09-20T08:41:19Z</Time><Position><LatitudeDegrees>45.704949</LatitudeDegrees><LongitudeDegrees>5.918187</LongitudeDegrees></Position><AltitudeMeters>435.4</AltitudeMeters><DistanceMeters>19450.0</DistanceMeters></Trackpoint>
<Trackpoint><Time>2026-09-20T08:41:26Z</Time><Position><LatitudeDegrees>45.704500</LatitudeDegrees><LongitudeDegrees>5.918134</LongitudeDegrees></Position><AltitudeMeters>434.0</AltitudeMeters><DistanceMeters>19500.0</DistanceMeters></Trackpoint>
<Trackpoint><Time>2026-09-20T08:41:32Z</Time><Position><LatitudeDegrees>45.704051</LatitudeDegrees><LongitudeDegrees>5.918086</LongitudeDegrees></Position><AltitudeMeters>432.6</AltitudeMeters><DistanceMeters>19550.0</DistanceMeters></Trackpoint>
<Trackpoint><Time>2026-09-20T08:41:39Z</Time><Position><LatitudeDegrees>45.703601</LatitudeDegrees><LongitudeDegrees>5.918043</LongitudeDegrees></Position><AltitudeMeters>431.2</AltitudeMeters><DistanceMeters>19600.0</DistanceMeters></Trackpoint>
<Trackpoint><Time>2026-09-20T08:41:45Z</Time><Position><LatitudeDegrees>45.703152</LatitudeDegrees><LongitudeDegrees>5.918005</LongitudeDegrees></Position><AltitudeMeters>429.9</AltitudeMeters><DistanceMeters>19650.0</DistanceMeters></Trackpoint>
<Trackpoint><Time>2026-09-20T08:41:51Z</Time><Position><LatitudeDegrees>45.702702</LatitudeDegrees><LongitudeDegrees>5.917972</LongitudeDegrees></Position><AltitudeMeters>428.5</AltitudeMeters><DistanceMeters>19700.0</DistanceMeters></Trackpoint>
<Trackpoint><Time>2026-09-20T08:41:58Z</Time><Position><LatitudeDegrees>45.702252</LatitudeDegrees><LongitudeDegrees>5.917944</LongitudeDegrees></Position><AltitudeMeters>427.1</AltitudeMeters><DistanceMeters>19750.0</DistanceMeters></Trackpoint>
<Trackpoint><Time>2026-09-20T08:42:04Z</Time><Position><LatitudeDegrees>45.701802</LatitudeDegrees><LongitudeDegrees>5.917922</LongitudeDegrees></Position><AltitudeMeters>425.6</AltitudeMeters><DistanceMeters>19800.0</DistanceMeters></Trackpoint>
<Trackpoint><Time>2026-09-20T08:42:10Z</Time><Position><LatitudeDegrees>45.701351</LatitudeDegrees><LongitudeDegrees>5.917904</LongitudeDegrees></Position><AltitudeMeters>424.2</AltitudeMeters><DistanceMeters>19850.0</DistanceMeters></Trackpoint>
<Trackpoint><Time>2026-09-20T08:42:17Z</Time><Position><LatitudeDegrees>45.700901</LatitudeDegrees><LongitudeDegrees>5.917891</LongitudeDegrees></Position><AltitudeMeters>422.8</AltitudeMeters><DistanceMeters>19900.0</DistanceMeters></Trackpoint>
<Trackpoint><Time>2026-09-20T08:42:23Z</Time><Position><LatitudeDegrees>45.700450</LatitudeDegrees><LongitudeDegrees>5.917884</LongitudeDegrees></Position><AltitudeMeters>421.4</AltitudeMeters><DistanceMeters>19950.0</DistanceMeters></Trackpoint>
<Trackpoint><Time>2026-09-20T08:42:30Z</Time><Position><LatitudeDegrees>45.700000</LatitudeDegrees><LongitudeDegrees>5.917881</LongitudeDegrees></Position><AltitudeMeters>420.0</AltitudeMeters><DistanceMeters>20000.0</DistanceMeters></Trackpoint>
<Trackpoint><Time>2026-09-20T08:42:36Z</Time><Position><LatitudeDegrees>45.699550</LatitudeDegrees><LongitudeDegrees>5.917884</LongitudeDegrees></Position><AltitudeMeters>418.6</AltitudeMeters><DistanceMeters>20050.0</DistanceMeters></Trackpoint>
<Trackpoint><Time>2026-09-20T08:42:42Z</Time><Position><LatitudeDegrees>45.699099</LatitudeDegrees><LongitudeDegrees>5.917891</LongitudeDegrees></Position><AltitudeMeters>417.2</AltitudeMeters><DistanceMeters>20100.0</DistanceMeters></Trackpoint>
<Trackpoint><Time>2026-09-20T08:42:49Z</Time><Position><LatitudeDegrees>45.698649</LatitudeDegrees><LongitudeDegrees>5.917904</LongitudeDegrees></Position><AltitudeMeters>415.8</AltitudeMeters><DistanceMeters>20150.0</DistanceMeters></Trackpoint>
<Trackpoint><Time>2026-09-20T08:42:55Z</Time><Position><LatitudeDegrees>45.698198</LatitudeDegrees><LongitudeDegrees>5.917922</LongitudeDegrees></Position><AltitudeMeters>414.4</AltitudeMeters><DistanceMeters>20200.0</DistanceMeters></Trackpoint>
<Trackpoint><Time>2026-09-20T08:43:01Z</Time><Position><LatitudeDegrees>45.697748</LatitudeDegrees><LongitudeDegrees>5.917944</LongitudeDegrees></Position><AltitudeMeters>412.9</AltitudeMeters><DistanceMeters>20250.0</DistanceMeters></Trackpoint>
<Trackpoint><Time>2026-09-20T08:43:08Z</Time><Position><LatitudeDegrees>45.697298</LatitudeDegrees><LongitudeDegrees>5.917972</LongitudeDegrees></Position><AltitudeMeters>411.5</AltitudeMeters><DistanceMeters>20300.0</DistanceMeters></Trackpoint>
<Trackpoint><Time>2026-09-20T08:43:14Z</Time><Position><LatitudeDegrees>45.696848</LatitudeDegrees><LongitudeDegrees>5.918005</LongitudeDegrees></Position><AltitudeMeters>410.1</AltitudeMeters><DistanceMeters>20350.0</DistanceMeters></Trackpoint>
<Trackpoint><Time>2026-09-20T08:43:21Z</Time><Position><LatitudeDegrees>45.696399</LatitudeDegrees><LongitudeDegrees>5.918043</LongitudeDegrees></Position><AltitudeMeters>408.8</AltitudeMeters><DistanceMeters>20400.0</DistanceMeters></Trackpoint>
<Trackpoint><Time>2026-09-20T08:43:27Z</Time><Position><LatitudeDegrees>45.695949</LatitudeDegrees><LongitudeDegrees>5.918086</LongitudeDegrees></Position><AltitudeMeters>407.4</AltitudeMeters><DistanceMeters>20450.0</DistanceMeters></Trackpoint>
<Trackpoint><Time>2026-09-20T08:43:33Z</Time><Position><LatitudeDegrees>45.695500</LatitudeDegrees><LongitudeDegrees>5.918134</LongitudeDegrees></Position><AltitudeMeters>406.0</AltitudeMeters><DistanceMeters>20500.0</DistanceMeters></Trackpoint>
<Trackpoint><Time>2026-09-20T08:43:40Z</Time><Position><LatitudeDegrees>45.695051</LatitudeDegrees><LongitudeDegrees>5.918187</LongitudeDegrees></Position><AltitudeMeters>404.6</AltitudeMeters><DistanceMeters>20550.0</DistanceMeters></Trackpoint>
<Trackpoint><Time>2026-09-20T08:43:46Z</Time><Position><LatitudeDegrees>45.694603</LatitudeDegrees><LongitudeDegrees>5.918245</LongitudeDegrees></Position><AltitudeMeters>403.3</AltitudeMeters><DistanceMeters>20600.0</DistanceMeters></Trackpoint>
<Trackpoint><Time>2026-09-20T08:43:52Z</Time><Position><LatitudeDegrees>45.694154</LatitudeDegrees><LongitudeDegrees>5.918309</LongitudeDegrees></Position><AltitudeMeters>401.9</AltitudeMeters><DistanceMeters>20650.0</DistanceMeters></Trackpoint>
<Trackpoint><Time>2026-09-20T08:43:59Z</Time><Position><LatitudeDegrees>45.693706</LatitudeDegrees><LongitudeDegrees>5.918377</LongitudeDegrees></Position><AltitudeMeters>400.6</AltitudeMeters><DistanceMeters>20700.0</DistanceMeters></Trackpoint>
<Trackpoint><Time>2026-09-20T08:44:05Z</Time><Position><LatitudeDegrees>45.693259</LatitudeDegrees><LongitudeDegrees>5.918450</LongitudeDegrees></Position><AltitudeMeters>399.2</AltitudeMeters><DistanceMeters>20750.0</DistanceMeters></Trackpoint>
<Trackpoint><Time>2026-09-20T08:44:12Z</Time><Position><LatitudeDegrees>45.692812</LatitudeDegrees><LongitudeDegrees>5.918529</LongitudeDegrees></Position><AltitudeMeters>397.9</AltitudeMeters><DistanceMeters>20800.0</DistanceMeters></Trackpoint>
<Trackpoint><Time>2026-09-20T08:44:18Z</Time><Position><LatitudeDegrees>45.692365</LatitudeDegrees><LongitudeDegrees>5.918612</LongitudeDegrees></Position><AltitudeMeters>396.6</AltitudeMeters><DistanceMeters>20850.0</DistanceMeters></Trackpoint>
<Trackpoint><Time>2026-09-20T08:44:24Z</Time><Position><LatitudeDegrees>45.691919</LatitudeDegrees><LongitudeDegrees>5.918700</LongitudeDegrees></Position><AltitudeMeters>395.3</AltitudeMeters><DistanceMeters>20900.0</DistanceMeters></Trackpoint>
<Trackpoint><Time>2026-09-20T08:44:31Z</Time><Position><LatitudeDegrees>45.691473</LatitudeDegrees><LongitudeDegrees>5.918794</LongitudeDegrees></Position><AltitudeMeters>394.0</AltitudeMeters><DistanceMeters>20950.0</DistanceMeters></Trackpoint>
<Trackpoint><Time>2026-09-20T08:44:37Z</Time><Position><LatitudeDegrees>45.691028</LatitudeDegrees><LongitudeDegrees>5.918892</LongitudeDegrees></Position><AltitudeMeters>392.8</AltitudeMeters><DistanceMeters>21000.0</DistanceMeters></Trackpoint>
<Trackpoint><Time>2026-09-20T08:44:43Z</Time><Position><LatitudeDegrees>45.690583</LatitudeDegrees><LongitudeDegrees>5.918995</LongitudeDegrees></Position><AltitudeMeters>391.5</AltitudeMeters><DistanceMeters>21050.0</DistanceMeters></Trackpoint>
<Trackpoint><Time>2026-09-20T08:44:50Z</Time><Position><LatitudeDegrees>45.690139</LatitudeDegrees><LongitudeDegrees>5.919104</LongitudeDegrees></Position><AltitudeMeters>390.3</AltitudeMeters><DistanceMeters>21100.0</DistanceMeters></Trackpoint>
<Trackpoint><Time>2026-09-20T08:44:56Z</Time><Position><LatitudeDegrees>45.689696</LatitudeDegrees><LongitudeDegrees>5.919217</LongitudeDegrees></Position><AltitudeMeters>389.1</AltitudeMeters><DistanceMeters>21150.0</DistanceMeters></Trackpoint>
<Trackpoint><Time>2026-09-20T08:45:03Z</Time><Position><LatitudeDegrees>45.689253</LatitudeDegrees><LongitudeDegrees>5.919336</LongitudeDegrees></Position><AltitudeMeters>387.9</AltitudeMeters><DistanceMeters>21200.0</DistanceMeters></Trackpoint>
<Trackpoint><Time>2026-09-20T08:45:09Z</Time><Position><LatitudeDegrees>45.688811</LatitudeDegrees><LongitudeDegrees>5.919459</LongitudeDegrees></Position><AltitudeMeters>386.7</AltitudeMeters><DistanceMeters>21250.0</DistanceMeters></Trackpoint>
<Trackpoint><Time>2026-09-20T08:45:15Z</Time><Position><LatitudeDegrees>45.688370</LatitudeDegrees><LongitudeDegrees>5.919587</LongitudeDegrees></Position><AltitudeMeters>385.5</AltitudeMeters><DistanceMeters>21300.0</DistanceMeters></Trackpoint>
<Trackpoint><Time>2026-09-20T08:45:22Z</Time><Position><LatitudeDegrees>45.687929</LatitudeDegrees><LongitudeDegrees>5.919721</LongitudeDegrees></Position><AltitudeMeters>384.4</AltitudeMeters><DistanceMeters>21350.0</DistanceMeters></Trackpoint>
<Trackpoint><Time>2026-09-20T08:45:28Z</Time><Position><LatitudeDegrees>45.687489</LatitudeDegrees><LongitudeDegrees>5.919859</LongitudeDegrees></Position><AltitudeMeters>383.2</AltitudeMeters><DistanceMeters>21400.0</DistanceMeters></Trackpoint>
<Trackpoint><Time>2026-09-20T08:45:34Z</Time><Position><LatitudeDegrees>45.687050</LatitudeDegrees><LongitudeDegrees>5.920002</LongitudeDegrees></Position><AltitudeMeters>382.1</AltitudeMeters><DistanceMeters>21450.0</DistanceMeters></Trackpoint>
<Trackpoint><Time>2026-09-20T08:45:41Z</Time><Position><LatitudeDegrees>45.686611</LatitudeDegrees><LongitudeDegrees>5.920150</LongitudeDegrees></Position><AltitudeMeters>381.0</AltitudeMeters><DistanceMeters>21500.0</DistanceMeters></Trackpoint>
<Trackpoint><Time>2026-09-20T08:45:47Z</Time><Position><LatitudeDegrees>45.686174</LatitudeDegrees><LongitudeDegrees>5.920303</LongitudeDegrees></Position><AltitudeMeters>380.0</AltitudeMeters><DistanceMeters>21550.0</DistanceMeters></Trackpoint>
<Trackpoint><Time>2026-09-20T08:45:54Z</Time><Position><LatitudeDegrees>45.685737</LatitudeDegrees><LongitudeDegrees>5.920461</LongitudeDegrees></Position><AltitudeMeters>378.9</AltitudeMeters><DistanceMeters>21600.0</DistanceMeters></Trackpoint>
<Trackpoint><Time>2026-09-20T08:46:00Z</Time><Position><LatitudeDegrees>45.685301</LatitudeDegrees><LongitudeDegrees>5.920624</LongitudeDegrees></Position><AltitudeMeters>377.9</AltitudeMeters><DistanceMeters>21650.0</DistanceMeters></Trackpoint>
<Trackpoint><Time>2026-09-20T08:46:06Z</Time><Position><LatitudeDegrees>45.684866</LatitudeDegrees><LongitudeDegrees>5.920792</LongitudeDegrees></Position><AltitudeMeters>376.9</AltitudeMeters><DistanceMeters>21700.0</DistanceMeters></Trackpoint>
<Trackpoint><Time>2026-09-20T08:46:13Z</Time><Position><LatitudeDegrees>45.684432</LatitudeDegrees><LongitudeDegrees>5.920964</LongitudeDegrees></Position><AltitudeMeters>375.9</AltitudeMeters><DistanceMeters>21750.0</DistanceMeters></Trackpoint>
<Trackpoint><Time>2026-09-20T08:46:19Z</Time><Position><LatitudeDegrees>45.683999</LatitudeDegrees><LongitudeDegrees>5.921142</LongitudeDegrees></Position><AltitudeMeters>375.0</AltitudeMeters><DistanceMeters>21800.0</DistanceMeters></Trackpoint>
<Trackpoint><Time>2026-09-20T08:46:25Z</Time><Position><LatitudeDegrees>45.683567</LatitudeDegrees><LongitudeDegrees>5.921324</LongitudeDegrees></Position><AltitudeMeters>374.1</AltitudeMeters><DistanceMeters>21850.0</DistanceMeters></Trackpoint>
<Trackpoint><Time>2026-09-20T08:46:32Z</Time><Position><LatitudeDegrees>45.683136</LatitudeDegrees><LongitudeDegrees>5.921511</LongitudeDegrees></Position><AltitudeMeters>373.2</AltitudeMeters><DistanceMeters>21900.0</DistanceMeters></Trackpoint>
<Trackpoint><Time>2026-09-20T08:46:38Z</Time><Position><LatitudeDegrees>45.682706</LatitudeDegrees><LongitudeDegrees>5.921703</LongitudeDegrees></Position><AltitudeMeters>372.3</AltitudeMeters><DistanceMeters>21950.0</DistanceMeters></Trackpoint>
<Trackpoint><Time>2026-09-20T08:46:45Z</Time><Position><LatitudeDegrees>45.682277</LatitudeDegrees><LongitudeDegrees>5.921900</LongitudeDegrees></Position><AltitudeMeters>371.5</AltitudeMeters><DistanceMeters>22000.0</DistanceMeters></Trackpoint>
<Trackpoint><Time>2026-09-20T08:46:51Z</Time><Position><LatitudeDegrees>45.681849</LatitudeDegrees><LongitudeDegrees>5.922102</LongitudeDegrees></Position><AltitudeMeters>370.6</AltitudeMeters><DistanceMeters>22050.0</DistanceMeters></Trackpoint>
<Trackpoint><Time>2026-09-20T08:46:57Z</Time><Position><LatitudeDegrees>45.681422</LatitudeDegrees><LongitudeDegrees>5.922308</LongitudeDegrees></Position><AltitudeMeters>369.9</AltitudeMeters><DistanceMeters>22100.0</DistanceMeters></Trackpoint>
<Trackpoint><Time>2026-09-20T08:47:04Z</Time><Position><LatitudeDegrees>45.680997</LatitudeDegrees><LongitudeDegrees>5.922520</LongitudeDegrees></Position><AltitudeMeters>369.1</AltitudeMeters><DistanceMeters>22150.0</DistanceMeters></Trackpoint>
<Trackpoint><Time>2026-09-20T08:47:10Z</Time><Position><LatitudeDegrees>45.680572</LatitudeDegrees><LongitudeDegrees>5.922736</LongitudeDegrees></Position><AltitudeMeters>368.4</AltitudeMeters><DistanceMeters>22200.0</DistanceMeters></Trackpoint>
<Trackpoint><Time>2026-09-20T08:47:16Z</Time><Position><LatitudeDegrees>45.680149</LatitudeDegrees><LongitudeDegrees>5.922957</LongitudeDegrees></Position><AltitudeMeters>367.7</AltitudeMeters><DistanceMeters>22250.0</DistanceMeters></Trackpoint>
<Trackpoint><Time>2026-09-20T08:47:23Z</Time><Position><LatitudeDegrees>45.679727</LatitudeDegrees><LongitudeDegrees>5.923182</LongitudeDegrees></Position><AltitudeMeters>367.0</AltitudeMeters><DistanceMeters>22300.0</DistanceMeters></Trackpoint>
<Trackpoint><Time>2026-09-20T08:47:29Z</Time><Position><LatitudeDegrees>45.679306</LatitudeDegrees><LongitudeDegrees>5.923413</LongitudeDegrees></Position><AltitudeMeters>366.3</AltitudeMeters><DistanceMeters>22350.0</DistanceMeters></Trackpoint>
<Trackpoint><Time>2026-09-20T08:47:36Z</Time><Position><LatitudeDegrees>45.678887</LatitudeDegrees><LongitudeDegrees>5.923648</LongitudeDegrees></Position><AltitudeMeters>365.7</AltitudeMeters><DistanceMeters>22400.0</DistanceMeters></Trackpoint>
<Trackpoint><Time>2026-09-20T08:47:42Z</Time><Position><LatitudeDegrees>45.678469</LatitudeDegrees><LongitudeDegrees>5.923888</LongitudeDegrees></Position><AltitudeMeters>365.1</AltitudeMeters><DistanceMeters>22450.0</DistanceMeters></Trackpoint>
<Trackpoint><Time>2026-09-20T08:47:48Z</Time><Position><LatitudeDegrees>45.678052</LatitudeDegrees><LongitudeDegrees>5.924132</LongitudeDegrees></Position><AltitudeMeters>364.6</AltitudeMeters><DistanceMeters>22500.0</DistanceMeters></Trackpoint>
<Trackpoint><Time>2026-09-20T08:47:55Z</Time><Position><LatitudeDegrees>45.677636</LatitudeDegrees><LongitudeDegrees>5.924381</LongitudeDegrees></Position><AltitudeMeters>364.0</AltitudeMeters><DistanceMeters>22550.0</DistanceMeters></Trackpoint>
<Trackpoint><Time>2026-09-20T08:48:01Z</Time><Position><LatitudeDegrees>45.677222</LatitudeDegrees><LongitudeDegrees>5.924635</LongitudeDegrees></Position><AltitudeMeters>363.5</AltitudeMeters><DistanceMeters>22600.0</DistanceMeters></Trackpoint>
<Trackpoint><Time>2026-09-20T08:48:07Z</Time><Position><LatitudeDegrees>45.676810</LatitudeDegrees><LongitudeDegrees>5.924893</LongitudeDegrees></Position><AltitudeMeters>363.1</AltitudeMeters><DistanceMeters>22650.0</DistanceMeters></Trackpoint>
<Trackpoint><Time>2026-09-20T08:48:14Z</Time><Position><LatitudeDegrees>45.676398</LatitudeDegrees><LongitudeDegrees>5.925157</LongitudeDegrees></Position><AltitudeMeters>362.7</AltitudeMeters><DistanceMeters>22700.0</DistanceMeters></Trackpoint>
<Trackpoint><Time>2026-09-20T08:48:20Z</Time><Position><LatitudeDegrees>45.675989</LatitudeDegrees><LongitudeDegrees>5.925424</LongitudeDegrees></Position><AltitudeMeters>362.3</AltitudeMeters><DistanceMeters>22750.0</DistanceMeters></Trackpoint>
<Trackpoint><Time>2026-09-20T08:48:27Z</Time><Position><LatitudeDegrees>45.675580</LatitudeDegrees><LongitudeDegrees>5.925697</LongitudeDegrees></Position><AltitudeMeters>361.9</AltitudeMeters><DistanceMeters>22800.0</DistanceMeters></Trackpoint>
<Trackpoint><Time>2026-09-20T08:48:33Z</Time><Position><LatitudeDegrees>45.675173</LatitudeDegrees><LongitudeDegrees>5.925973</LongitudeDegrees></Position><AltitudeMeters>361.5</AltitudeMeters><DistanceMeters>22850.0</DistanceMeters></Trackpoint>
<Trackpoint><Time>2026-09-20T08:48:39Z</Time><Position><LatitudeDegrees>45.674768</LatitudeDegrees><LongitudeDegrees>5.926255</LongitudeDegrees></Position><AltitudeMeters>361.2</AltitudeMeters><DistanceMeters>22900.0</DistanceMeters></Trackpoint>
<Trackpoint><Time>2026-09-20T08:48:46Z</Time><Position><LatitudeDegrees>45.674364</LatitudeDegrees><LongitudeDegrees>5.926541</LongitudeDegrees></Position><AltitudeMeters>361.0</AltitudeMeters><DistanceMeters>22950.0</DistanceMeters></Trackpoint>
<Trackpoint><Time>2026-09-20T08:48:52Z</Time><Position><LatitudeDegrees>45.673962</LatitudeDegrees><LongitudeDegrees>5.926831</LongitudeDegrees></Position><AltitudeMeters>360.7</AltitudeMeters><DistanceMeters>23000.0</DistanceMeters></Trackpoint>
<Trackpoint><Time>2026-09-20T08:48:58Z</Time><Position><LatitudeDegrees>45.673562</LatitudeDegrees><LongitudeDegrees>5.927127</LongitudeDegrees></Position><AltitudeMeters>360.5</AltitudeMeters><DistanceMeters>23050.0</DistanceMeters></Trackpoint>
<Trackpoint><Time>2026-09-20T08:49:05Z</Time><Position><LatitudeDegrees>45.673163</LatitudeDegrees><LongitudeDegrees>5.927426</LongitudeDegrees></Position><AltitudeMeters>360.4</AltitudeMeters><DistanceMeters>23100.0</DistanceMeters></Trackpoint>
<Trackpoint><Time>2026-09-20T08:49:11Z</Time><Position><LatitudeDegrees>45.672765</LatitudeDegrees><LongitudeDegrees>5.927730</LongitudeDegrees></Position><AltitudeMeters>360.2</AltitudeMeters><DistanceMeters>23150.0</DistanceMeters></Trackpoint>
<Trackpoint><Time>2026-09-20T08:49:18Z</Time><Position><LatitudeDegrees>45.672370</LatitudeDegrees><LongitudeDegrees>5.928039</LongitudeDegrees></Position><AltitudeMeters>360.1</AltitudeMeters><DistanceMeters>23200.0</DistanceMeters></Trackpoint>
<Trackpoint><Time>2026-09-20T08:49:24Z</Time><Position><LatitudeDegrees>45.671976</LatitudeDegrees><LongitudeDegrees>5.928352</LongitudeDegrees></Position><AltitudeMeters>360.0</AltitudeMeters><DistanceMeters>23250.0</DistanceMeters></Trackpoint>
<Trackpoint><Time>2026-09-20T08:49:30Z</Time><Position><LatitudeDegrees>45.671584</LatitudeDegrees><LongitudeDegrees>5.928669</LongitudeDegrees></Position><AltitudeMeters>360.0</AltitudeMeters><DistanceMeters>23300.0</DistanceMeters></Trackpoint>
<Trackpoint><Time>2026-09-20T08:49:37Z</Time><Position><LatitudeDegrees>45.671193</LatitudeDegrees><LongitudeDegrees>5.928991</LongitudeDegrees></Position><AltitudeMeters>360.0</AltitudeMeters><DistanceMeters>23350.0</DistanceMeters></Trackpoint>
<Trackpoint><Time>2026-09-20T08:49:43Z</Time><Position><LatitudeDegrees>45.670805</LatitudeDegrees><LongitudeDegrees>5.929317</LongitudeDegrees></Position><AltitudeMeters>360.0</AltitudeMeters><DistanceMeters>23400.0</DistanceMeters></Trackpoint>
<Trackpoint><Time>2026-09-20T08:49:49Z</Time><Position><LatitudeDegrees>45.670418</LatitudeDegrees><LongitudeDegrees>5.929647</LongitudeDegrees></Position><AltitudeMeters>360.1</AltitudeMeters><DistanceMeters>23450.0</DistanceMeters></Trackpoint>
<Trackpoint><Time>2026-09-20T08:49:56Z</Time><Position><LatitudeDegrees>45.670033</LatitudeDegrees><LongitudeDegrees>5.929982</LongitudeDegrees></Position><AltitudeMeters>360.2</AltitudeMeters><DistanceMeters>23500.0</DistanceMeters></Trackpoint>
<Trackpoint><Time>2026-09-20T08:50:02Z</Time><Position><LatitudeDegrees>45.669650</LatitudeDegrees><LongitudeDegrees>5.930321</LongitudeDegrees></Position><AltitudeMeters>360.3</AltitudeMeters><DistanceMeters>23550.0</DistanceMeters></Trackpoint>
<Trackpoint><Time>2026-09-20T08:50:09Z</Time><Position><LatitudeDegrees>45.669269</LatitudeDegrees><LongitudeDegrees>5.930665</LongitudeDegrees></Position><AltitudeMeters>360.5</AltitudeMeters><DistanceMeters>23600.0</DistanceMeters></Trackpoint>
<Trackpoint><Time>2026-09-20T08:50:15Z</Time><Position><LatitudeDegrees>45.668889</LatitudeDegrees><LongitudeDegrees>5.931012</LongitudeDegrees></Position><AltitudeMeters>360.7</AltitudeMeters><DistanceMeters>23650.0</DistanceMeters></Trackpoint>
<Trackpoint><Time>2026-09-20T08:50:21Z</Time><Position><LatitudeDegrees>45.668512</LatitudeDegrees><LongitudeDegrees>5.931364</LongitudeDegrees></Position><AltitudeMeters>360.9</AltitudeMeters><DistanceMeters>23700.0</DistanceMeters></Trackpoint>
<Trackpoint><Time>2026-09-20T08:50:28Z</Time><Position><LatitudeDegrees>45.668136</LatitudeDegrees><LongitudeDegrees>5.931721</LongitudeDegrees></Position><AltitudeMeters>361.2</AltitudeMeters><DistanceMeters>23750.0</DistanceMeters></Trackpoint>
<Trackpoint><Time>2026-09-20T08:50:34Z</Time><Position><LatitudeDegrees>45.667763</LatitudeDegrees><LongitudeDegrees>5.932081</LongitudeDegrees></Position><AltitudeMeters>361.4</AltitudeMeters><DistanceMeters>23800.0</DistanceMeters></Trackpoint>
<Trackpoint><Time>2026-09-20T08:50:40Z</Time><Position><LatitudeDegrees>45.667391</LatitudeDegrees><LongitudeDegrees>5.932446</LongitudeDegrees></Position><AltitudeMeters>361.8</AltitudeMeters><DistanceMeters>23850.0</DistanceMeters></Trackpoint>
<Trackpoint><Time>2026-09-20T08:50:47Z</Time><Position><LatitudeDegrees>45.667022</LatitudeDegrees><LongitudeDegrees>5.932814</LongitudeDegrees></Position><AltitudeMeters>362.1</AltitudeMeters><DistanceMeters>23900.0</DistanceMeters></Trackpoint>
<Trackpoint><Time>2026-09-20T08:50:53Z</Time><Position><LatitudeDegrees>45.666654</LatitudeDegrees><LongitudeDegrees>5.933187</LongitudeDegrees></Position><AltitudeMeters>362.5</AltitudeMeters><DistanceMeters>23950.0</DistanceMeters></Trackpoint>
<Trackpoint><Time>2026-09-20T08:51:00Z</Time><Position><LatitudeDegrees>45.666289</LatitudeDegrees><LongitudeDegrees>5.933564</LongitudeDegrees></Position><AltitudeMeters>362.9</AltitudeMeters><DistanceMeters>24000.0</DistanceMeters></Trackpoint>
<Trackpoint><Time>2026-09-20T08:51:06Z</Time><Position><LatitudeDegrees>45.665925</LatitudeDegrees><LongitudeDegrees>5.933946</LongitudeDegrees></Position><AltitudeMeters>363.4</AltitudeMeters><DistanceMeters>24050.0</DistanceMeters></Trackpoint>
<Trackpoint><Time>2026-09-20T08:51:12Z</Time><Position><LatitudeDegrees>45.665564</LatitudeDegrees><LongitudeDegrees>5.934331</LongitudeDegrees></Position><AltitudeMeters>363.9</AltitudeMeters><DistanceMeters>24100.0</DistanceMeters></Trackpoint>
<Trackpoint><Time>2026-09-20T08:51:19Z</Time><Position><LatitudeDegrees>45.665205</LatitudeDegrees><LongitudeDegrees>5.934720</LongitudeDegrees></Position><AltitudeMeters>364.4</AltitudeMeters><DistanceMeters>24150.0</DistanceMeters></Trackpoint>
<Trackpoint><Time>2026-09-20T08:51:25Z</Time><Position><LatitudeDegrees>45.664848</LatitudeDegrees><LongitudeDegrees>5.935113</LongitudeDegrees></Position><AltitudeMeters>364.9</AltitudeMeters><DistanceMeters>24200.0</DistanceMeters></Trackpoint>
<Trackpoint><Time>2026-09-20T08:51:31Z</Time><Position><LatitudeDegrees>45.664493</LatitudeDegrees><LongitudeDegrees>5.935511</LongitudeDegrees></Position><AltitudeMeters>365.5</AltitudeMeters><DistanceMeters>24250.0</DistanceMeters></Trackpoint>
<Trackpoint><Time>2026-09-20T08:51:38Z</Time><Position><LatitudeDegrees>45.664140</LatitudeDegrees><LongitudeDegrees>5.935912</LongitudeDegrees></Position><AltitudeMeters>366.1</AltitudeMeters><DistanceMeters>24300.0</DistanceMeters></Trackpoint>
<Trackpoint><Time>2026-09-20T08:51:44Z</Time><Position><LatitudeDegrees>45.663790</LatitudeDegrees><LongitudeDegrees>5.936317</LongitudeDegrees></Position><AltitudeMeters>366.8</AltitudeMeters><DistanceMeters>24350.0</DistanceMeters></Trackpoint>
<Trackpoint><Time>2026-09-20T08:51:51Z</Time><Position><LatitudeDegrees>45.663442</LatitudeDegrees><LongitudeDegrees>5.936726</LongitudeDegrees></Position><AltitudeMeters>367.4</AltitudeMeters><DistanceMeters>24400.0</DistanceMeters></Trackpoint>
<Trackpoint><Time>2026-09-20T08:51:57Z</Time><Position><LatitudeDegrees>45.663096</LatitudeDegrees><LongitudeDegrees>5.937139</LongitudeDegrees></Position><AltitudeMeters>368.1</AltitudeMeters><DistanceMeters>24450.0</DistanceMeters></Trackpoint>
<Trackpoint><Time>2026-09-20T08:52:03Z</Time><Position><LatitudeDegrees>45.662752</LatitudeDegrees><LongitudeDegrees>5.937556</LongitudeDegrees></Position><AltitudeMeters>368.8</AltitudeMeters><DistanceMeters>24500.0</DistanceMeters></Trackpoint>
<Trackpoint><Time>2026-09-20T08:52:10Z</Time><Position><LatitudeDegrees>45.662411</LatitudeDegrees><LongitudeDegrees>5.937977</LongitudeDegrees></Position><AltitudeMeters>369.6</AltitudeMeters><DistanceMeters>24550.0</DistanceMeters></Trackpoint>
<Trackpoint><Time>2026-09-20T08:52:16Z</Time><Position><LatitudeDegrees>45.662072</LatitudeDegrees><LongitudeDegrees>5.938402</LongitudeDegrees></Position><AltitudeMeters>370.4</AltitudeMeters><DistanceMeters>24600.0</DistanceMeters></Trackpoint>
<Trackpoint><Time>2026-09-20T08:52:22Z</Time><Position><LatitudeDegrees>45.661735</LatitudeDegrees><LongitudeDegrees>5.938830</LongitudeDegrees></Position><AltitudeMeters>371.2</AltitudeMeters><DistanceMeters>24650.0</DistanceMeters></Trackpoint>
<Trackpoint><Time>2026-09-20T08:52:29Z</Time><Position><LatitudeDegrees>45.661401</LatitudeDegrees><LongitudeDegrees>5.939262</LongitudeDegrees></Position><AltitudeMeters>372.0</AltitudeMeters><DistanceMeters>24700.0</DistanceMeters></Trackpoint>
<Trackpoint><Time>2026-09-20T08:52:35Z</Time><Position><LatitudeDegrees>45.661069</LatitudeDegrees><LongitudeDegrees>5.939698</LongitudeDegrees></Position><AltitudeMeters>372.9</AltitudeMeters><DistanceMeters>24750.0</DistanceMeters></Trackpoint>
<Trackpoint><Time>2026-09-20T08:52:42Z</Time><Position><LatitudeDegrees>45.660739</LatitudeDegrees><LongitudeDegrees>5.940138</LongitudeDegrees></Position><AltitudeMeters>373.8</AltitudeMeters><DistanceMeters>24800.0</DistanceMeters></Trackpoint>
<Trackpoint><Time>2026-09-20T08:52:48Z</Time><Position><LatitudeDegrees>45.660412</LatitudeDegrees><LongitudeDegrees>5.940581</LongitudeDegrees></Position><AltitudeMeters>374.7</AltitudeMeters><DistanceMeters>24850.0</DistanceMeters></Trackpoint>
<Trackpoint><Time>2026-09-20T08:52:54Z</Time><Position><LatitudeDegrees>45.660087</LatitudeDegrees><LongitudeDegrees>5.941028</LongitudeDegrees></Position><AltitudeMeters>375.6</AltitudeMeters><DistanceMeters>24900.0</DistanceMeters></Trackpoint>
<Trackpoint><Time>2026-09-20T08:53:01Z</Time><Position><LatitudeDegrees>45.659765</LatitudeDegrees><LongitudeDegrees>5.941479</LongitudeDegrees></Position><AltitudeMeters>376.6</AltitudeMeters><DistanceMeters>24950.0</DistanceMeters></Trackpoint>
<Trackpoint><Time>2026-09-20T08:53:07Z</Time><Position><LatitudeDegrees>45.659445</LatitudeDegrees><LongitudeDegrees>5.941933</LongitudeDegrees></Position><AltitudeMeters>377.6</AltitudeMeters><DistanceMeters>25000.0</DistanceMeters></Trackpoint>
<Trackpoint><Time>2026-09-20T08:53:13Z</Time><Position><LatitudeDegrees>45.659128</LatitudeDegrees><LongitudeDegrees>5.942391</LongitudeDegrees></Position><AltitudeMeters>378.6</AltitudeMeters><DistanceMeters>25050.0</DistanceMeters></Trackpoint>
<Trackpoint><Time>2026-09-20T08:53:20Z</Time><Position><LatitudeDegrees>45.658813</LatitudeDegrees><LongitudeDegrees>5.942852</LongitudeDegrees></Position><AltitudeMeters>379.6</AltitudeMeters><DistanceMeters>25100.0</DistanceMeters></Trackpoint>
<Trackpoint><Time>2026-09-20T08:53:26Z</Time><Position><LatitudeDegrees>45.658501</LatitudeDegrees><LongitudeDegrees>5.943317</LongitudeDegrees></Position><AltitudeMeters>380.7</AltitudeMeters><DistanceMeters>25150.0</DistanceMeters></Trackpoint>
<Trackpoint><Time>2026-09-20T08:53:33Z</Time><Position><LatitudeDegrees>45.658191</LatitudeDegrees><LongitudeDegrees>5.943786</LongitudeDegrees></Position><AltitudeMeters>381.8</AltitudeMeters><DistanceMeters>25200.0</DistanceMeters></Trackpoint>
<Trackpoint><Time>2026-09-20T08:53:39Z</Time><Position><LatitudeDegrees>45.657884</LatitudeDegrees><LongitudeDegrees>5.944258</LongitudeDegrees></Position><AltitudeMeters>382.9</AltitudeMeters><DistanceMeters>25250.0</DistanceMeters></Trackpoint>
<Trackpoint><Time>2026-09-20T08:53:45Z</Time><Position><LatitudeDegrees>45.657580</LatitudeDegrees><LongitudeDegrees>5.944733</LongitudeDegrees></Position><AltitudeMeters>384.0</AltitudeMeters><DistanceMeters>25300.0</DistanceMeters></Trackpoint>
<Trackpoint><Time>2026-09-20T08:53:52Z</Time><Position><LatitudeDegrees>45.657278</LatitudeDegrees><LongitudeDegrees>5.945212</LongitudeDegrees></Position><AltitudeMeters>385.1</AltitudeMeters><DistanceMeters>25350.0</DistanceMeters></Trackpoint>
<Trackpoint><Time>2026-09-20T08:53:58Z</Time><Position><LatitudeDegrees>45.656979</LatitudeDegrees><LongitudeDegrees>5.945694</LongitudeDegrees></Position><AltitudeMeters>386.3</AltitudeMeters><DistanceMeters>25400.0</DistanceMeters></Trackpoint>
<Trackpoint><Time>2026-09-20T08:54:04Z</Time><Position><LatitudeDegrees>45.656682</LatitudeDegrees><LongitudeDegrees>5.946179</LongitudeDegrees></Position><AltitudeMeters>387.5</AltitudeMeters><DistanceMeters>25450.0</DistanceMeters></Trackpoint>
<Trackpoint><Time>2026-09-20T08:54:11Z</Time><Position><LatitudeDegrees>45.656388</LatitudeDegrees><LongitudeDegrees>5.946668</LongitudeDegrees></Position><AltitudeMeters>388.7</AltitudeMeters><DistanceMeters>25500.0</DistanceMeters></Trackpoint>
<Trackpoint><Time>2026-09-20T08:54:17Z</Time><Position><LatitudeDegrees>45.656097</LatitudeDegrees><LongitudeDegrees>5.947160</LongitudeDegrees></Position><AltitudeMeters>389.9</AltitudeMeters><DistanceMeters>25550.0</DistanceMeters></Trackpoint>
<Trackpoint><Time>2026-09-20T08:54:24Z</Time><Position><LatitudeDegrees>45.655809</LatitudeDegrees><LongitudeDegrees>5.947655</LongitudeDegrees></Position><AltitudeMeters>391.1</AltitudeMeters><DistanceMeters>25600.0</DistanceMeters></Trackpoint>
<Trackpoint><Time>2026-09-20T08:54:30Z</Time><Position><LatitudeDegrees>45.655523</LatitudeDegrees><LongitudeDegrees>5.948154</LongitudeDegrees></Position><AltitudeMeters>392.3</AltitudeMeters><DistanceMeters>25650.0</DistanceMeters></Trackpoint>
<Trackpoint><Time>2026-09-20T08:54:36Z</Time><Position><LatitudeDegrees>45.655240</LatitudeDegrees><LongitudeDegrees>5.948656</LongitudeDegrees></Position><AltitudeMeters>393.6</AltitudeMeters><DistanceMeters>25700.0</DistanceMeters></Trackpoint>
<Trackpoint><Time>2026-09-20T08:54:43Z</Time><Position><LatitudeDegrees>45.654960</LatitudeDegrees><LongitudeDegrees>5.949161</LongitudeDegrees></Position><AltitudeMeters>394.9</AltitudeMeters><DistanceMeters>25750.0</DistanceMeters></Trackpoint>
<Trackpoint><Time>2026-09-20T08:54:49Z</Time><Position><LatitudeDegrees>45.654682</LatitudeDegrees><LongitudeDegrees>5.949669</LongitudeDegrees></Position><AltitudeMeters>396.2</AltitudeMeters><DistanceMeters>25800.0</DistanceMeters></Trackpoint>
<Trackpoint><Time>2026-09-20T08:54:55Z</Time><Position><LatitudeDegrees>45.654407</LatitudeDegrees><LongitudeDegrees>5.950180</LongitudeDegrees></Position><AltitudeMeters>397.5</AltitudeMeters><DistanceMeters>25850.0</DistanceMeters></Trackpoint>
<Trackpoint><Time>2026-09-20T08:55:02Z</Time><Position><LatitudeDegrees>45.654136</LatitudeDegrees><LongitudeDegrees>5.950694</LongitudeDegrees></Position><AltitudeMeters>398.8</AltitudeMeters><DistanceMeters>25900.0</DistanceMeters></Trackpoint>
<Trackpoint><Time>2026-09-20T08:55:08Z</Time><Position><LatitudeDegrees>45.653867</LatitudeDegrees><LongitudeDegrees>5.951211</LongitudeDegrees></Position><AltitudeMeters>400.1</AltitudeMeters><DistanceMeters>25950.0</DistanceMeters></Trackpoint>
<Trackpoint><Time>2026-09-20T08:55:15Z</Time><Position><LatitudeDegrees>45.653600</LatitudeDegrees><LongitudeDegrees>5.951732</LongitudeDegrees></Position><AltitudeMeters>401.5</AltitudeMeters><DistanceMeters>26000.0</DistanceMeters></Trackpoint>
<Trackpoint><Time>2026-09-20T08:55:21Z</Time><Position><LatitudeDegrees>45.653337</LatitudeDegrees><LongitudeDegrees>5.952255</LongitudeDegrees></Position><AltitudeMeters>402.8</AltitudeMeters><DistanceMeters>26050.0</DistanceMeters></Trackpoint>
<Trackpoint><Time>2026-09-20T08:55:27Z</Time><Position><LatitudeDegrees>45.653077</LatitudeDegrees><LongitudeDegrees>5.952781</LongitudeDegrees></Position><AltitudeMeters>404.2</AltitudeMeters><DistanceMeters>26100.0</DistanceMeters></Trackpoint>
<Trackpoint><Time>2026-09-20T08:55:34Z</Time><Position><LatitudeDegrees>45.652819</LatitudeDegrees><LongitudeDegrees>5.953310</LongitudeDegrees></Position><AltitudeMeters>405.5</AltitudeMeters><DistanceMeters>26150.0</DistanceMeters></Trackpoint>
<Trackpoint><Time>2026-09-20T08:55:40Z</Time><Position><LatitudeDegrees>45.652564</LatitudeDegrees><LongitudeDegrees>5.953842</LongitudeDegrees></Position><AltitudeMeters>406.9</AltitudeMeters><DistanceMeters>26200.0</DistanceMeters></Trackpoint>
<Trackpoint><Time>2026-09-20T08:55:46Z</Time><Position><LatitudeDegrees>45.652313</LatitudeDegrees><LongitudeDegrees>5.954377</LongitudeDegrees></Position><AltitudeMeters>408.3</AltitudeMeters><DistanceMeters>26250.0</DistanceMeters></Trackpoint>
<Trackpoint><Time>2026-09-20T08:55:53Z</Time><Position><LatitudeDegrees>45.652064</LatitudeDegrees><LongitudeDegrees>5.954915</LongitudeDegrees></Position><AltitudeMeters>409.7</AltitudeMeters><DistanceMeters>26300.0</DistanceMeters></Trackpoint>
<Trackpoint><Time>2026-09-20T08:55:59Z</Time><Position><LatitudeDegrees>45.651818</LatitudeDegrees><LongitudeDegrees>5.955455</LongitudeDegrees></Position><AltitudeMeters>411.1</AltitudeMeters><DistanceMeters>26350.0</DistanceMeters></Trackpoint>
<Trackpoint><Time>2026-09-20T08:56:06Z</Time><Position><LatitudeDegrees>45.651575</LatitudeDegrees><LongitudeDegrees>5.955998</LongitudeDegrees></Position><AltitudeMeters>412.5</AltitudeMeters><DistanceMeters>26400.0</DistanceMeters></Trackpoint>
<Trackpoint><Time>2026-09-20T08:56:12Z</Time><Position><LatitudeDegrees>45.651335</LatitudeDegrees><LongitudeDegrees>5.956544</LongitudeDegrees></Position><AltitudeMeters>413.9</AltitudeMeters><DistanceMeters>26450.0</DistanceMeters></Trackpoint>
<Trackpoint><Time>2026-09-20T08:56:18Z</Time><Position><LatitudeDegrees>45.651098</LatitudeDegrees><LongitudeDegrees>5.957093</LongitudeDegrees></Position><AltitudeMeters>415.3</AltitudeMeters><DistanceMeters>26500.0</DistanceMeters></Trackpoint>
<Trackpoint><Time>2026-09-20T08:56:25Z</Time><Position><LatitudeDegrees>45.650865</LatitudeDegrees><LongitudeDegrees>5.957644</LongitudeDegrees></Position><AltitudeMeters>416.7</AltitudeMeters><DistanceMeters>26550.0</DistanceMeters></Trackpoint>
<Trackpoint><Time>2026-09-20T08:56:31Z</Time><Position><LatitudeDegrees>45.650634</LatitudeDegrees><LongitudeDegrees>5.958198</LongitudeDegrees></Position><AltitudeMeters>418.1</AltitudeMeters><DistanceMeters>26600.0</DistanceMeters></Trackpoint>
<Trackpoint><Time>2026-09-20T08:56:37Z</Time><Position><LatitudeDegrees>45.650406</LatitudeDegrees><LongitudeDegrees>5.958754</LongitudeDegrees></Position><AltitudeMeters>419.5</AltitudeMeters><DistanceMeters>26650.0</DistanceMeters></Trackpoint>
<Trackpoint><Time>2026-09-20T08:56:44Z</Time><Position><LatitudeDegrees>45.650181</LatitudeDegrees><LongitudeDegrees>5.959313</LongitudeDegrees></Position><AltitudeMeters>420.9</AltitudeMeters><DistanceMeters>26700.0</DistanceMeters></Trackpoint>
<Trackpoint><Time>2026-09-20T08:56:50Z</Time><Position><LatitudeDegrees>45.649960</LatitudeDegrees><LongitudeDegrees>5.959875</LongitudeDegrees></Position><AltitudeMeters>422.4</AltitudeMeters><DistanceMeters>26750.0</DistanceMeters></Trackpoint>
<Trackpoint><Time>2026-09-20T08:56:57Z</Time><Position><LatitudeDegrees>45.649741</LatitudeDegrees><LongitudeDegrees>5.960439</LongitudeDegrees></Position><AltitudeMeters>423.8</AltitudeMeters><DistanceMeters>26800.0</DistanceMeters></Trackpoint>
<Trackpoint><Time>2026-09-20T08:57:03Z</Time><Position><LatitudeDegrees>45.649526</LatitudeDegrees><LongitudeDegrees>5.961005</LongitudeDegrees></Position><AltitudeMeters>425.2</AltitudeMeters><DistanceMeters>26850.0</DistanceMeters></Trackpoint>
<Trackpoint><Time>2026-09-20T08:57:09Z</Time><Position><LatitudeDegrees>45.649313</LatitudeDegrees><LongitudeDegrees>5.961574</LongitudeDegrees></Position><AltitudeMeters>426.6</AltitudeMeters><DistanceMeters>26900.0</DistanceMeters></Trackpoint>
<Trackpoint><Time>2026-09-20T08:57:16Z</Time><Position><LatitudeDegrees>45.649104</LatitudeDegrees><LongitudeDegrees>5.962145</LongitudeDegrees></Position><AltitudeMeters>428.0</AltitudeMeters><DistanceMeters>26950.0</DistanceMeters></Trackpoint>
<Trackpoint><Time>2026-09-20T08:57:22Z</Time><Position><LatitudeDegrees>45.648898</LatitudeDegrees><LongitudeDegrees>5.962719</LongitudeDegrees></Position><AltitudeMeters>429.4</AltitudeMeters><DistanceMeters>27000.0</DistanceMeters></Trackpoint>
<Trackpoint><Time>2026-09-20T08:57:28Z</Time><Position><LatitudeDegrees>45.648695</LatitudeDegrees><LongitudeDegrees>5.963295</LongitudeDegrees></Position><AltitudeMeters>430.8</AltitudeMeters><DistanceMeters>27050.0</DistanceMeters></Trackpoint>
<Trackpoint><Time>2026-09-20T08:57:35Z</Time><Position><LatitudeDegrees>45.648495</LatitudeDegrees><LongitudeDegrees>5.963873</LongitudeDegrees></Position><AltitudeMeters>432.2</AltitudeMeters><DistanceMeters>27100.0</DistanceMeters></Trackpoint>
<Trackpoint><Time>2026-09-20T08:57:41Z</Time><Position><LatitudeDegrees>45.648299</LatitudeDegrees><LongitudeDegrees>5.964453</LongitudeDegrees></Position><AltitudeMeters>433.5</AltitudeMeters><DistanceMeters>27150.0</DistanceMeters></Trackpoint>
<Trackpoint><Time>2026-09-20T08:57:48Z</Time><Position><LatitudeDegrees>45.648105</LatitudeDegrees><LongitudeDegrees>5.965035</LongitudeDegrees></Position><AltitudeMeters>434.9</AltitudeMeters><DistanceMeters>27200.0</DistanceMeters></Trackpoint>
<Trackpoint><Time>2026-09-20T08:57:54Z</Time><Position><LatitudeDegrees>45.647915</LatitudeDegrees><LongitudeDegrees>5.965620</LongitudeDegrees></Position><AltitudeMeters>436.3</AltitudeMeters><DistanceMeters>27250.0</DistanceMeters></Trackpoint>
<Trackpoint><Time>2026-09-20T08:58:00Z</Time><Position><LatitudeDegrees>45.647728</LatitudeDegrees><LongitudeDegrees>5.966207</LongitudeDegrees></Position><AltitudeMeters>437.6</AltitudeMeters><DistanceMeters>27300.0</DistanceMeters></Trackpoint>
<Trackpoint><Time>2026-09-20T08:58:07Z</Time><Position><LatitudeDegrees>45.647544</LatitudeDegrees><LongitudeDegrees>5.966796</LongitudeDegrees></Position><AltitudeMeters>439.0</AltitudeMeters><DistanceMeters>27350.0</DistanceMeters></Trackpoint>
<Trackpoint><Time>2026-09-20T08:58:13Z</Time><Position><LatitudeDegrees>45.647364</LatitudeDegrees><LongitudeDegrees>5.967387</LongitudeDegrees></Position><AltitudeMeters>440.3</AltitudeMeters><DistanceMeters>27400.0</DistanceMeters></Trackpoint>
<Trackpoint><Time>2026-09-20T08:58:19Z</Time><Position><LatitudeDegrees>45.647187</LatitudeDegrees><LongitudeDegrees>5.967980</LongitudeDegrees></Position><AltitudeMeters>441.6</AltitudeMeters><DistanceMeters>27450.0</DistanceMeters></Trackpoint>
<Trackpoint><Time>2026-09-20T08:58:26Z</Time><Position><LatitudeDegrees>45.647013</LatitudeDegrees><LongitudeDegrees>5.968574</LongitudeDegrees></Position><AltitudeMeters>443.0</AltitudeMeters><DistanceMeters>27500.0</DistanceMeters></Trackpoint>
<Trackpoint><Time>2026-09-20T08:58:32Z</Time><Position><LatitudeDegrees>45.646842</LatitudeDegrees><LongitudeDegrees>5.969171</LongitudeDegrees></Position><AltitudeMeters>444.3</AltitudeMeters><DistanceMeters>27550.0</DistanceMeters></Trackpoint>
<Trackpoint><Time>2026-09-20T08:58:39Z</Time><Position><LatitudeDegrees>45.646674</LatitudeDegrees><LongitudeDegrees>5.969770</LongitudeDegrees></Position><AltitudeMeters>445.5</AltitudeMeters><DistanceMeters>27600.0</DistanceMeters></Trackpoint>
<Trackpoint><Time>2026-09-20T08:58:45Z</Time><Position><LatitudeDegrees>45.646510</LatitudeDegrees><LongitudeDegrees>5.970371</LongitudeDegrees></Position><AltitudeMeters>446.8</AltitudeMeters><DistanceMeters>27650.0</DistanceMeters></Trackpoint>
<Trackpoint><Time>2026-09-20T08:58:51Z</Time><Position><LatitudeDegrees>45.646349</LatitudeDegrees><LongitudeDegrees>5.970973</LongitudeDegrees></Position><AltitudeMeters>448.1</AltitudeMeters><DistanceMeters>27700.0</DistanceMeters></Trackpoint>
<Trackpoint><Time>2026-09-20T08:58:58Z</Time><Position><LatitudeDegrees>45.646192</LatitudeDegrees><LongitudeDegrees>5.971577</LongitudeDegrees></Position><AltitudeMeters>449.3</AltitudeMeters><DistanceMeters>27750.0</DistanceMeters></Trackpoint>
<Trackpoint><Time>2026-09-20T08:59:04Z</Time><Position><LatitudeDegrees>45.646038</LatitudeDegrees><LongitudeDegrees>5.972183</LongitudeDegrees></Position><AltitudeMeters>450.5</AltitudeMeters><DistanceMeters>27800.0</DistanceMeters></Trackpoint>
<Trackpoint><Time>2026-09-20T08:59:10Z</Time><Position><LatitudeDegrees>45.645887</LatitudeDegrees><LongitudeDegrees>5.972791</LongitudeDegrees></Position><AltitudeMeters>451.8</AltitudeMeters><DistanceMeters>27850.0</DistanceMeters></Trackpoint>
<Trackpoint><Time>2026-09-20T08:59:17Z</Time><Position><LatitudeDegrees>45.645739</LatitudeDegrees><LongitudeDegrees>5.973400</LongitudeDegrees></Position><AltitudeMeters>452.9</AltitudeMeters><DistanceMeters>27900.0</DistanceMeters></Trackpoint>
<Trackpoint><Time>2026-09-20T08:59:23Z</Time><Position><LatitudeDegrees>45.645595</LatitudeDegrees><LongitudeDegrees>5.974011</LongitudeDegrees></Position><AltitudeMeters>454.1</AltitudeMeters><DistanceMeters>27950.0</DistanceMeters></Trackpoint>
<Trackpoint><Time>2026-09-20T08:59:30Z</Time><Position><LatitudeDegrees>45.645454</LatitudeDegrees><LongitudeDegrees>5.974624</LongitudeDegrees></Position><AltitudeMeters>455.3</AltitudeMeters><DistanceMeters>28000.0</DistanceMeters></Trackpoint>
<Trackpoint><Time>2026-09-20T08:59:36Z</Time><Position><LatitudeDegrees>45.645316</LatitudeDegrees><LongitudeDegrees>5.975238</LongitudeDegrees></Position><AltitudeMeters>456.4</AltitudeMeters><DistanceMeters>28050.0</DistanceMeters></Trackpoint>
<Trackpoint><Time>2026-09-20T08:59:42Z</Time><Position><LatitudeDegrees>45.645182</LatitudeDegrees><LongitudeDegrees>5.975854</LongitudeDegrees></Position><AltitudeMeters>457.5</AltitudeMeters><DistanceMeters>28100.0</DistanceMeters></Trackpoint>
<Trackpoint><Time>2026-09-20T08:59:49Z</Time><Position><LatitudeDegrees>45.645052</LatitudeDegrees><LongitudeDegrees>5.976471</LongitudeDegrees></Position><AltitudeMeters>458.6</AltitudeMeters><DistanceMeters>28150.0</DistanceMeters></Trackpoint>
<Trackpoint><Time>2026-09-20T08:59:55Z</Time><Position><LatitudeDegrees>45.644924</LatitudeDegrees><LongitudeDegrees>5.977090</LongitudeDegrees></Position><AltitudeMeters>459.7</AltitudeMeters><DistanceMeters>28200.0</DistanceMeters></Trackpoint>
<Trackpoint><Time>2026-09-20T09:00:01Z</Time><Position><LatitudeDegrees>45.644800</LatitudeDegrees><LongitudeDegrees>5.977710</LongitudeDegrees></Position><AltitudeMeters>460.7</AltitudeMeters><DistanceMeters>28250.0</DistanceMeters></Trackpoint>
<Trackpoint><Time>2026-09-20T09:00:08Z</Time><Position><LatitudeDegrees>45.644680</LatitudeDegrees><LongitudeDegrees>5.978331</LongitudeDegrees></Position><AltitudeMeters>461.8</AltitudeMeters><DistanceMeters>28300.0</DistanceMeters></Trackpoint>
<Trackpoint><Time>2026-09-20T09:00:14Z</Time><Position><LatitudeDegrees>45.644562</LatitudeDegrees><LongitudeDegrees>5.978954</LongitudeDegrees></Position><AltitudeMeters>462.8</AltitudeMeters><DistanceMeters>28350.0</DistanceMeters></Trackpoint>
<Trackpoint><Time>2026-09-20T09:00:21Z</Time><Position><LatitudeDegrees>45.644449</LatitudeDegrees><LongitudeDegrees>5.979578</LongitudeDegrees></Position><AltitudeMeters>463.7</AltitudeMeters><DistanceMeters>28400.0</DistanceMeters></Trackpoint>
<Trackpoint><Time>2026-09-20T09:00:27Z</Time><Position><LatitudeDegrees>45.644338</LatitudeDegrees><LongitudeDegrees>5.980203</LongitudeDegrees></Position><AltitudeMeters>464.7</AltitudeMeters><DistanceMeters>28450.0</DistanceMeters></Trackpoint>
<Trackpoint><Time>2026-09-20T09:00:33Z</Time><Position><LatitudeDegrees>45.644232</LatitudeDegrees><LongitudeDegrees>5.980830</LongitudeDegrees></Position><AltitudeMeters>465.6</AltitudeMeters><DistanceMeters>28500.0</DistanceMeters></Trackpoint>
<Trackpoint><Time>2026-09-20T09:00:40Z</Time><Position><LatitudeDegrees>45.644128</LatitudeDegrees><LongitudeDegrees>5.981457</LongitudeDegrees></Position><AltitudeMeters>466.5</AltitudeMeters><DistanceMeters>28550.0</DistanceMeters></Trackpoint>
<Trackpoint><Time>2026-09-20T09:00:46Z</Time><Position><LatitudeDegrees>45.644028</LatitudeDegrees><LongitudeDegrees>5.982086</LongitudeDegrees></Position><AltitudeMeters>467.4</AltitudeMeters><DistanceMeters>28600.0</DistanceMeters></Trackpoint>
<Trackpoint><Time>2026-09-20T09:00:52Z</Time><Position><LatitudeDegrees>45.643932</LatitudeDegrees><LongitudeDegrees>5.982716</LongitudeDegrees></Position><AltitudeMeters>468.3</AltitudeMeters><DistanceMeters>28650.0</DistanceMeters></Trackpoint>
<Trackpoint><Time>2026-09-20T09:00:59Z</Time><Position><LatitudeDegrees>45.643839</LatitudeDegrees><LongitudeDegrees>5.983347</LongitudeDegrees></Position><AltitudeMeters>469.1</AltitudeMeters><DistanceMeters>28700.0</DistanceMeters></Trackpoint>
<Trackpoint><Time>2026-09-20T09:01:05Z</Time><Position><LatitudeDegrees>45.643749</LatitudeDegrees><LongitudeDegrees>5.983979</LongitudeDegrees></Position><AltitudeMeters>469.9</AltitudeMeters><DistanceMeters>28750.0</DistanceMeters></Trackpoint>
<Trackpoint><Time>2026-09-20T09:01:12Z</Time><Position><LatitudeDegrees>45.643663</LatitudeDegrees><LongitudeDegrees>5.984612</LongitudeDegrees></Position><AltitudeMeters>470.7</AltitudeMeters><DistanceMeters>28800.0</DistanceMeters></Trackpoint>
<Trackpoint><Time>2026-09-20T09:01:18Z</Time><Position><LatitudeDegrees>45.643580</LatitudeDegrees><LongitudeDegrees>5.985246</LongitudeDegrees></Position><AltitudeMeters>471.4</AltitudeMeters><DistanceMeters>28850.0</DistanceMeters></Trackpoint>
<Trackpoint><Time>2026-09-20T09:01:24Z</Time><Position><LatitudeDegrees>45.643501</LatitudeDegrees><LongitudeDegrees>5.985881</LongitudeDegrees></Position><AltitudeMeters>472.1</AltitudeMeters><DistanceMeters>28900.0</DistanceMeters></Trackpoint>
<Trackpoint><Time>2026-09-20T09:01:31Z</Time><Position><LatitudeDegrees>45.643425</LatitudeDegrees><LongitudeDegrees>5.986517</LongitudeDegrees></Position><AltitudeMeters>472.8</AltitudeMeters><DistanceMeters>28950.0</DistanceMeters></Trackpoint>
<Trackpoint><Time>2026-09-20T09:01:37Z</Time><Position><LatitudeDegrees>45.643353</LatitudeDegrees><LongitudeDegrees>5.987154</LongitudeDegrees></Position><AltitudeMeters>473.5</AltitudeMeters><DistanceMeters>29000.0</DistanceMeters></Trackpoint>
<Trackpoint><Time>2026-09-20T09:01:43Z</Time><Position><LatitudeDegrees>45.643284</LatitudeDegrees><LongitudeDegrees>5.987791</LongitudeDegrees></Position><AltitudeMeters>474.1</AltitudeMeters><DistanceMeters>29050.0</DistanceMeters></Trackpoint>
<Trackpoint><Time>2026-09-20T09:01:50Z</Time><Position><LatitudeDegrees>45.643219</LatitudeDegrees><LongitudeDegrees>5.988429</LongitudeDegrees></Position><AltitudeMeters>474.7</AltitudeMeters><DistanceMeters>29100.0</DistanceMeters></Trackpoint>
<Trackpoint><Time>2026-09-20T09:01:56Z</Time><Position><LatitudeDegrees>45.643157</LatitudeDegrees><LongitudeDegrees>5.989068</LongitudeDegrees></Position><AltitudeMeters>475.3</AltitudeMeters><DistanceMeters>29150.0</DistanceMeters></Trackpoint>
<Trackpoint><Time>2026-09-20T09:02:03Z</Time><Position><LatitudeDegrees>45.643099</LatitudeDegrees><LongitudeDegrees>5.989708</LongitudeDegrees></Position><AltitudeMeters>475.8</AltitudeMeters><DistanceMeters>29200.0</DistanceMeters></Trackpoint>
<Trackpoint><Time>2026-09-20T09:02:09Z</Time><Position><LatitudeDegrees>45.643044</LatitudeDegrees><LongitudeDegrees>5.990348</LongitudeDegrees></Position><AltitudeMeters>476.3</AltitudeMeters><DistanceMeters>29250.0</DistanceMeters></Trackpoint>
<Trackpoint><Time>2026-09-20T09:02:15Z</Time><Position><LatitudeDegrees>45.642993</LatitudeDegrees><LongitudeDegrees>5.990989</LongitudeDegrees></Position><AltitudeMeters>476.8</AltitudeMeters><DistanceMeters>29300.0</DistanceMeters></Trackpoint>
<Trackpoint><Time>2026-09-20T09:02:22Z</Time><Position><LatitudeDegrees>45.642946</LatitudeDegrees><LongitudeDegrees>5.991630</LongitudeDegrees></Position><AltitudeMeters>477.2</AltitudeMeters><DistanceMeters>29350.0</DistanceMeters></Trackpoint>
<Trackpoint><Time>2026-09-20T09:02:28Z</Time><Position><LatitudeDegrees>45.642901</LatitudeDegrees><LongitudeDegrees>5.992272</LongitudeDegrees></Position><AltitudeMeters>477.6</AltitudeMeters><DistanceMeters>29400.0</DistanceMeters></Trackpoint>
<Trackpoint><Time>2026-09-20T09:02:34Z</Time><Position><LatitudeDegrees>45.642861</LatitudeDegrees><LongitudeDegrees>5.992914</LongitudeDegrees></Position><AltitudeMeters>478.0</AltitudeMeters><DistanceMeters>29450.0</DistanceMeters></Trackpoint>
<Trackpoint><Time>2026-09-20T09:02:41Z</Time><Position><LatitudeDegrees>45.642824</LatitudeDegrees><LongitudeDegrees>5.993557</LongitudeDegrees></Position><AltitudeMeters>478.3</AltitudeMeters><DistanceMeters>29500.0</DistanceMeters></Trackpoint>
<Trackpoint><Time>2026-09-20T09:02:47Z</Time><Position><LatitudeDegrees>45.642790</LatitudeDegrees><LongitudeDegrees>5.994200</LongitudeDegrees></Position><AltitudeMeters>478.7</AltitudeMeters><DistanceMeters>29550.0</DistanceMeters></Trackpoint>
<Trackpoint><Time>2026-09-20T09:02:54Z</Time><Position><LatitudeDegrees>45.642760</LatitudeDegrees><LongitudeDegrees>5.994844</LongitudeDegrees></Position><AltitudeMeters>478.9</AltitudeMeters><DistanceMeters>29600.0</DistanceMeters></Trackpoint>
<Trackpoint><Time>2026-09-20T09:03:00Z</Time><Position><LatitudeDegrees>45.642734</LatitudeDegrees><LongitudeDegrees>5.995488</LongitudeDegrees></Position><AltitudeMeters>479.2</AltitudeMeters><DistanceMeters>29650.0</DistanceMeters></Trackpoint>
<Trackpoint><Time>2026-09-20T09:03:06Z</Time><Position><LatitudeDegrees>45.642711</LatitudeDegrees><LongitudeDegrees>5.996132</LongitudeDegrees></Position><AltitudeMeters>479.4</AltitudeMeters><DistanceMeters>29700.0</DistanceMeters></Trackpoint>
<Trackpoint><Time>2026-09-20T09:03:13Z</Time><Position><LatitudeDegrees>45.642691</LatitudeDegrees><LongitudeDegrees>5.996776</LongitudeDegrees></Position><AltitudeMeters>479.6</AltitudeMeters><DistanceMeters>29750.0</DistanceMeters></Trackpoint>
<Trackpoint><Time>2026-09-20T09:03:19Z</Time><Position><LatitudeDegrees>45.642675</LatitudeDegrees><LongitudeDegrees>5.997421</LongitudeDegrees></Position><AltitudeMeters>479.7</AltitudeMeters><DistanceMeters>29800.0</DistanceMeters></Trackpoint>
<Trackpoint><Time>2026-09-20T09:03:25Z</Time><Position><LatitudeDegrees>45.642663</LatitudeDegrees><LongitudeDegrees>5.998065</LongitudeDegrees></Position><AltitudeMeters>479.9</AltitudeMeters><DistanceMeters>29850.0</DistanceMeters></Trackpoint>
<Trackpoint><Time>2026-09-20T09:03:32Z</Time><Position><LatitudeDegrees>45.642654</LatitudeDegrees><LongitudeDegrees>5.998710</LongitudeDegrees></Position><AltitudeMeters>479.9</AltitudeMeters><DistanceMeters>29900.0</DistanceMeters></Trackpoint>
<Trackpoint><Time>2026-09-20T09:03:38Z</Time><Position><LatitudeDegrees>45.642649</LatitudeDegrees><LongitudeDegrees>5.999355</LongitudeDegrees></Position><AltitudeMeters>480.0</AltitudeMeters><DistanceMeters>29950.0</DistanceMeters></Trackpoint>
<Trackpoint><Time>2026-09-20T09:03:45Z</Time><Position><LatitudeDegrees>45.642647</LatitudeDegrees><LongitudeDegrees>6.000000</LongitudeDegrees></Position><AltitudeMeters>480.0</AltitudeMeters><DistanceMeters>30000.0</DistanceMeters></Trackpoint>
<Trackpoint><Time>2026-09-20T09:03:51Z</Time><Position><LatitudeDegrees>45.642649</LatitudeDegrees><LongitudeDegrees>6.000645</LongitudeDegrees></Position><AltitudeMeters>480.0</AltitudeMeters><DistanceMeters>30050.0</DistanceMeters></Trackpoint>
<Trackpoint><Time>2026-09-20T09:03:57Z</Time><Position><LatitudeDegrees>45.642654</LatitudeDegrees><LongitudeDegrees>6.001290</LongitudeDegrees></Position><AltitudeMeters>479.9</AltitudeMeters><DistanceMeters>30100.0</DistanceMeters></Trackpoint>
<Trackpoint><Time>2026-09-20T09:04:04Z</Time><Position><LatitudeDegrees>45.642663</LatitudeDegrees><LongitudeDegrees>6.001935</LongitudeDegrees></Position><AltitudeMeters>479.9</AltitudeMeters><DistanceMeters>30150.0</DistanceMeters></Trackpoint>
<Trackpoint><Time>2026-09-20T09:04:10Z</Time><Position><LatitudeDegrees>45.642675</LatitudeDegrees><LongitudeDegrees>6.002579</LongitudeDegrees></Position><AltitudeMeters>479.7</AltitudeMeters><DistanceMeters>30200.0</DistanceMeters></Trackpoint>
<Trackpoint><Time>2026-09-20T09:04:16Z</Time><Position><LatitudeDegrees>45.642691</LatitudeDegrees><LongitudeDegrees>6.003224</LongitudeDegrees></Position><AltitudeMeters>479.6</AltitudeMeters><DistanceMeters>30250.0</DistanceMeters></Trackpoint>
<Trackpoint><Time>2026-09-20T09:04:23Z</Time><Position><LatitudeDegrees>45.642711</LatitudeDegrees><LongitudeDegrees>6.003868</LongitudeDegrees></Position><AltitudeMeters>479.4</AltitudeMeters><DistanceMeters>30300.0</DistanceMeters></Trackpoint>
<Trackpoint><Time>2026-09-20T09:04:29Z</Time><Position><LatitudeDegrees>45.642734</LatitudeDegrees><LongitudeDegrees>6.004512</LongitudeDegrees></Position><AltitudeMeters>479.2</AltitudeMeters><DistanceMeters>30350.0</DistanceMeters></Trackpoint>
<Trackpoint><Time>2026-09-20T09:04:36Z</Time><Position><LatitudeDegrees>45.642760</LatitudeDegrees><LongitudeDegrees>6.005156</LongitudeDegrees></Position><AltitudeMeters>478.9</AltitudeMeters><DistanceMeters>30400.0</DistanceMeters></Trackpoint>
<Trackpoint><Time>2026-09-20T09:04:42Z</Time><Position><LatitudeDegrees>45.642790</LatitudeDegrees><LongitudeDegrees>6.005800</LongitudeDegrees></Position><AltitudeMeters>478.7</AltitudeMeters><DistanceMeters>30450.0</DistanceMeters></Trackpoint>
<Trackpoint><Time>2026-09-20T09:04:48Z</Time><Position><LatitudeDegrees>45.642824</LatitudeDegrees><LongitudeDegrees>6.006443</LongitudeDegrees></Position><AltitudeMeters>478.3</AltitudeMeters><DistanceMeters>30500.0</DistanceMeters></Trackpoint>
<Trackpoint><Time>2026-09-20T09:04:55Z</Time><Position><LatitudeDegrees>45.642861</LatitudeDegrees><LongitudeDegrees>6.007086</LongitudeDegrees></Position><AltitudeMeters>478.0</AltitudeMeters><DistanceMeters>30550.0</DistanceMeters></Trackpoint>
<Trackpoint><Time>2026-09-20T09:05:01Z</Time><Position><LatitudeDegrees>45.642901</LatitudeDegrees><LongitudeDegrees>6.007728</LongitudeDegrees></Position><AltitudeMeters>477.6</AltitudeMeters><DistanceMeters>30600.0</DistanceMeters></Trackpoint>
<Trackpoint><Time>2026-09-20T09:05:07Z</Time><Position><LatitudeDegrees>45.642946</LatitudeDegrees><LongitudeDegrees>6.008370</LongitudeDegrees></Position><AltitudeMeters>477.2</AltitudeMeters><DistanceMeters>30650.0</DistanceMeters></Trackpoint>
<Trackpoint><Time>2026-09-20T09:05:14Z</Time><Position><LatitudeDegrees>45.642993</LatitudeDegrees><LongitudeDegrees>6.009011</LongitudeDegrees></Position><AltitudeMeters>476.8</AltitudeMeters><DistanceMeters>30700.0</DistanceMeters></Trackpoint>
<Trackpoint><Time>2026-09-20T09:05:20Z</Time><Position><LatitudeDegrees>45.643044</LatitudeDegrees><LongitudeDegrees>6.009652</LongitudeDegrees></Position><AltitudeMeters>476.3</AltitudeMeters><DistanceMeters>30750.0</DistanceMeters></Trackpoint>
<Trackpoint><Time>2026-09-20T09:05:27Z</Time><Position><LatitudeDegrees>45.643099</LatitudeDegrees><LongitudeDegrees>6.010292</LongitudeDegrees></Position><AltitudeMeters>475.8</AltitudeMeters><DistanceMeters>30800.0</DistanceMeters></Trackpoint>
<Trackpoint><Time>2026-09-20T09:05:33Z</Time><Position><LatitudeDegrees>45.643157</LatitudeDegrees><LongitudeDegrees>6.010932</LongitudeDegrees></Position><AltitudeMeters>475.3</AltitudeMeters><DistanceMeters>30850.0</DistanceMeters></Trackpoint>
<Trackpoint><Time>2026-09-20T09:05:39Z</Time><Position><LatitudeDegrees>45.643219</LatitudeDegrees><LongitudeDegrees>6.011571</LongitudeDegrees></Position><AltitudeMeters>474.7</AltitudeMeters><DistanceMeters>30900.0</DistanceMeters></Trackpoint>
<Trackpoint><Time>2026-09-20T09:05:46Z</Time><Position><LatitudeDegrees>45.643284</LatitudeDegrees><LongitudeDegrees>6.012209</LongitudeDegrees></Position><AltitudeMeters>474.1</AltitudeMeters><DistanceMeters>30950.0</DistanceMeters></Trackpoint>
<Trackpoint><Time>2026-09-20T09:05:52Z</Time><Position><LatitudeDegrees>45.643353</LatitudeDegrees><LongitudeDegrees>6.012846</LongitudeDegrees></Position><AltitudeMeters>473.5</AltitudeMeters><DistanceMeters>31000.0</DistanceMeters></Trackpoint>
<Trackpoint><Time>2026-09-20T09:05:58Z</Time><Position><LatitudeDegrees>45.643425</LatitudeDegrees><LongitudeDegrees>6.013483</LongitudeDegrees></Position><AltitudeMeters>472.8</AltitudeMeters><DistanceMeters>31050.0</DistanceMeters></Trackpoint>
<Trackpoint><Time>2026-09-20T09:06:05Z</Time><Position><LatitudeDegrees>45.643501</LatitudeDegrees><LongitudeDegrees>6.014119</LongitudeDegrees></Position><AltitudeMeters>472.1</AltitudeMeters><DistanceMeters>31100.0</DistanceMeters></Trackpoint>
<Trackpoint><Time>2026-09-20T09:06:11Z</Time><Position><LatitudeDegrees>45.643580</LatitudeDegrees><LongitudeDegrees>6.014754</LongitudeDegrees></Position><AltitudeMeters>471.4</AltitudeMeters><DistanceMeters>31150.0</DistanceMeters></Trackpoint>
<Trackpoint><Time>2026-09-20T09:06:18Z</Time><Position><LatitudeDegrees>45.643663</LatitudeDegrees><LongitudeDegrees>6.015388</LongitudeDegrees></Position><AltitudeMeters>470.7</AltitudeMeters><DistanceMeters>31200.0</DistanceMeters></Trackpoint>
<Trackpoint><Time>2026-09-20T09:06:24Z</Time><Position><LatitudeDegrees>45.643749</LatitudeDegrees><LongitudeDegrees>6.016021</LongitudeDegrees></Position><AltitudeMeters>469.9</AltitudeMeters><DistanceMeters>31250.0</DistanceMeters></Trackpoint>
<Trackpoint><Time>2026-09-20T09:06:30Z</Time><Position><LatitudeDegrees>45.643839</LatitudeDegrees><LongitudeDegrees>6.016653</LongitudeDegrees></Position><AltitudeMeters>469.1</AltitudeMeters><DistanceMeters>31300.0</DistanceMeters></Trackpoint>
<Trackpoint><Time>2026-09-20T09:06:37Z</Time><Position><LatitudeDegrees>45.643932</LatitudeDegrees><LongitudeDegrees>6.017284</LongitudeDegrees></Position><AltitudeMeters>468.3</AltitudeMeters><DistanceMeters>31350.0</DistanceMeters></Trackpoint>
<Trackpoint><Time>2026-09-20T09:06:43Z</Time><Position><LatitudeDegrees>45.644028</LatitudeDegrees><LongitudeDegrees>6.017914</LongitudeDegrees></Position><AltitudeMeters>467.4</AltitudeMeters><DistanceMeters>31400.0</DistanceMeters></Trackpoint>
<Trackpoint><Time>2026-09-20T09:06:49Z</Time><Position><LatitudeDegrees>45.644128</LatitudeDegrees><LongitudeDegrees>6.018543</LongitudeDegrees></Position><AltitudeMeters>466.5</AltitudeMeters><DistanceMeters>31450.0</DistanceMeters></Trackpoint>
<Trackpoint><Time>2026-09-20T09:06:56Z</Time><Position><LatitudeDegrees>45.644232</LatitudeDegrees><LongitudeDegrees>6.019170</LongitudeDegrees></Position><AltitudeMeters>465.6</AltitudeMeters><DistanceMeters>31500.0</DistanceMeters></Trackpoint>
<Trackpoint><Time>2026-09-20T09:07:02Z</Time><Position><LatitudeDegrees>45.644338</LatitudeDegrees><LongitudeDegrees>6.019797</LongitudeDegrees></Position><AltitudeMeters>464.7</AltitudeMeters><DistanceMeters>31550.0</DistanceMeters></Trackpoint>
<Trackpoint><Time>2026-09-20T09:07:09Z</Time><Position><LatitudeDegrees>45.644449</LatitudeDegrees><LongitudeDegrees>6.020422</LongitudeDegrees></Position><AltitudeMeters>463.7</AltitudeMeters><DistanceMeters>31600.0</DistanceMeters></Trackpoint>
<Trackpoint><Time>2026-09-20T09:07:15Z</Time><Position><LatitudeDegrees>45.644562</LatitudeDegrees><LongitudeDegrees>6.021046</LongitudeDegrees></Position><AltitudeMeters>462.8</AltitudeMeters><DistanceMeters>31650.0</DistanceMeters></Trackpoint>
<Trackpoint><Time>2026-09-20T09:07:21Z</Time><Position><LatitudeDegrees>45.644680</LatitudeDegrees><LongitudeDegrees>6.021669</LongitudeDegrees></Position><AltitudeMeters>461.8</AltitudeMeters><DistanceMeters>31700.0</DistanceMeters></Trackpoint>
<Trackpoint><Time>2026-09-20T09:07:28Z</Time><Position><LatitudeDegrees>45.644800</LatitudeDegrees><LongitudeDegrees>6.022290</LongitudeDegrees></Position><AltitudeMeters>460.7</AltitudeMeters><DistanceMeters>31750.0</DistanceMeters></Trackpoint>
<Trackpoint><Time>2026-09-20T09:07:34Z</Time><Position><LatitudeDegrees>45.644924</LatitudeDegrees><LongitudeDegrees>6.022910</LongitudeDegrees></Position><AltitudeMeters>459.7</AltitudeMeters><DistanceMeters>31800.0</DistanceMeters></Trackpoint>
<Trackpoint><Time>2026-09-20T09:07:40Z</Time><Position><LatitudeDegrees>45.645052</LatitudeDegrees><LongitudeDegrees>6.023529</LongitudeDegrees></Position><AltitudeMeters>458.6</AltitudeMeters><DistanceMeters>31850.0</DistanceMeters></Trackpoint>
<Trackpoint><Time>2026-09-20T09:07:47Z</Time><Position><LatitudeDegrees>45.645182</LatitudeDegrees><LongitudeDegrees>6.024146</LongitudeDegrees></Position><AltitudeMeters>457.5</AltitudeMeters><DistanceMeters>31900.0</DistanceMeters></Trackpoint>
<Trackpoint><Time>2026-09-20T09:07:53Z</Time><Position><LatitudeDegrees>45.645316</LatitudeDegrees><LongitudeDegrees>6.024762</LongitudeDegrees></Position><AltitudeMeters>456.4</AltitudeMeters><DistanceMeters>31950.0</DistanceMeters></Trackpoint>
<Trackpoint><Time>2026-09-20T09:08:00Z</Time><Position><LatitudeDegrees>45.645454</LatitudeDegrees><LongitudeDegrees>6.025376</LongitudeDegrees></Position><AltitudeMeters>455.3</AltitudeMeters><DistanceMeters>32000.0</DistanceMeters></Trackpoint>
<Trackpoint><Time>2026-09-20T09:08:06Z</Time><Position><LatitudeDegrees>45.645595</LatitudeDegrees><LongitudeDegrees>6.025989</LongitudeDegrees></Position><AltitudeMeters>454.1</AltitudeMeters><DistanceMeters>32050.0</DistanceMeters></Trackpoint>
<Trackpoint><Time>2026-09-20T09:08:12Z</Time><Position><LatitudeDegrees>45.645739</LatitudeDegrees><LongitudeDegrees>6.026600</LongitudeDegrees></Position><AltitudeMeters>452.9</AltitudeMeters><DistanceMeters>32100.0</DistanceMeters></Trackpoint>
<Trackpoint><Time>2026-09-20T09:08:19Z</Time><Position><LatitudeDegrees>45.645887</LatitudeDegrees><LongitudeDegrees>6.027209</LongitudeDegrees></Position><AltitudeMeters>451.8</AltitudeMeters><DistanceMeters>32150.0</DistanceMeters></Trackpoint>
<Trackpoint><Time>2026-09-20T09:08:25Z</Time><Position><LatitudeDegrees>45.646038</LatitudeDegrees><LongitudeDegrees>6.027817</LongitudeDegrees></Position><AltitudeMeters>450.5</AltitudeMeters><DistanceMeters>32200.0</DistanceMeters></Trackpoint>
<Trackpoint><Time>2026-09-20T09:08:31Z</Time><Position><LatitudeDegrees>45.646192</LatitudeDegrees><LongitudeDegrees>6.028423</LongitudeDegrees></Position><AltitudeMeters>449.3</AltitudeMeters><DistanceMeters>32250.0</DistanceMeters></Trackpoint>
<Trackpoint><Time>2026-09-20T09:08:38Z</Time><Position><LatitudeDegrees>45.646349</LatitudeDegrees><LongitudeDegrees>6.029027</LongitudeDegrees></Position><AltitudeMeters>448.1</AltitudeMeters><DistanceMeters>32300.0</DistanceMeters></Trackpoint>
<Trackpoint><Time>2026-09-20T09:08:44Z</Time><Position><LatitudeDegrees>45.646510</LatitudeDegrees><LongitudeDegrees>6.029629</LongitudeDegrees></Position><AltitudeMeters>446.8</AltitudeMeters><DistanceMeters>32350.0</DistanceMeters></Trackpoint>
<Trackpoint><Time>2026-09-20T09:08:51Z</Time><Position><LatitudeDegrees>45.646674</LatitudeDegrees><LongitudeDegrees>6.030230</LongitudeDegrees></Position><AltitudeMeters>445.5</AltitudeMeters><DistanceMeters>32400.0</DistanceMeters></Trackpoint>
<Trackpoint><Time>2026-09-20T09:08:57Z</Time><Position><LatitudeDegrees>45.646842</LatitudeDegrees><LongitudeDegrees>6.030829</LongitudeDegrees></Position><AltitudeMeters>444.3</AltitudeMeters><DistanceMeters>32450.0</DistanceMeters></Trackpoint>
<Trackpoint><Time>2026-09-20T09:09:03Z</Time><Position><LatitudeDegrees>45.647013</LatitudeDegrees><LongitudeDegrees>6.031426</LongitudeDegrees></Position><AltitudeMeters>443.0</AltitudeMeters><DistanceMeters>32500.0</DistanceMeters></Trackpoint>
<Trackpoint><Time>2026-09-20T09:09:10Z</Time><Position><LatitudeDegrees>45.647187</LatitudeDegrees><LongitudeDegrees>6.032020</LongitudeDegrees></Position><AltitudeMeters>441.6</AltitudeMeters><DistanceMeters>32550.0</DistanceMeters></Trackpoint>
<Trackpoint><Time>2026-09-20T09:09:16Z</Time><Position><LatitudeDegrees>45.647364</LatitudeDegrees><LongitudeDegrees>6.032613</LongitudeDegrees></Position><AltitudeMeters>440.3</AltitudeMeters><DistanceMeters>32600.0</DistanceMeters></Trackpoint>
<Trackpoint><Time>2026-09-20T09:09:22Z</Time><Position><LatitudeDegrees>45.647544</LatitudeDegrees><LongitudeDegrees>6.033204</LongitudeDegrees></Position><AltitudeMeters>439.0</AltitudeMeters><DistanceMeters>32650.0</DistanceMeters></Trackpoint>
<Trackpoint><Time>2026-09-20T09:09:29Z</Time><Position><LatitudeDegrees>45.647728</LatitudeDegrees><LongitudeDegrees>6.033793</LongitudeDegrees></Position><AltitudeMeters>437.6</AltitudeMeters><DistanceMeters>32700.0</DistanceMeters></Trackpoint>
<Trackpoint><Time>2026-09-20T09:09:35Z</Time><Position><LatitudeDegrees>45.647915</LatitudeDegrees><LongitudeDegrees>6.034380</LongitudeDegrees></Position><AltitudeMeters>436.3</AltitudeMeters><DistanceMeters>32750.0</DistanceMeters></Trackpoint>
<Trackpoint><Time>2026-09-20T09:09:42Z</Time><Position><LatitudeDegrees>45.648105</LatitudeDegrees><LongitudeDegrees>6.034965</LongitudeDegrees></Position><AltitudeMeters>434.9</AltitudeMeters><DistanceMeters>32800.0</DistanceMeters></Trackpoint>
<Trackpoint><Time>2026-09-20T09:09:48Z</Time><Position><LatitudeDegrees>45.648299</LatitudeDegrees><LongitudeDegrees>6.035547</LongitudeDegrees></Position><AltitudeMeters>433.5</AltitudeMeters><DistanceMeters>32850.0</DistanceMeters></Trackpoint>
<Trackpoint><Time>2026-09-20T09:09:54Z</Time><Position><LatitudeDegrees>45.648495</LatitudeDegrees><LongitudeDegrees>6.036127</LongitudeDegrees></Position><AltitudeMeters>432.2</AltitudeMeters><DistanceMeters>32900.0</DistanceMeters></Trackpoint>
<Trackpoint><Time>2026-09-20T09:10:01Z</Time><Position><LatitudeDegrees>45.648695</LatitudeDegrees><LongitudeDegrees>6.036705</LongitudeDegrees></Position><AltitudeMeters>430.8</AltitudeMeters><DistanceMeters>32950.0</DistanceMeters></Trackpoint>
<Trackpoint><Time>2026-09-20T09:10:07Z</Time><Position><LatitudeDegrees>45.648898</LatitudeDegrees><LongitudeDegrees>6.037281</LongitudeDegrees></Position><AltitudeMeters>429.4</AltitudeMeters><DistanceMeters>33000.0</DistanceMeters></Trackpoint>
<Trackpoint><Time>2026-09-20T09:10:13Z</Time><Position><LatitudeDegrees>45.649104</LatitudeDegrees><LongitudeDegrees>6.037855</LongitudeDegrees></Position><AltitudeMeters>428.0</AltitudeMeters><DistanceMeters>33050.0</DistanceMeters></Trackpoint>
<Trackpoint><Time>2026-09-20T09:10:20Z</Time><Position><LatitudeDegrees>45.649313</LatitudeDegrees><LongitudeDegrees>6.038426</LongitudeDegrees></Position><AltitudeMeters>426.6</AltitudeMeters><DistanceMeters>33100.0</DistanceMeters></Trackpoint>
<Trackpoint><Time>2026-09-20T09:10:26Z</Time><Position><LatitudeDegrees>45.649526</LatitudeDegrees><LongitudeDegrees>6.038995</LongitudeDegrees></Position><AltitudeMeters>425.2</AltitudeMeters><DistanceMeters>33150.0</DistanceMeters></Trackpoint>
<Trackpoint><Time>2026-09-20T09:10:33Z</Time><Position><LatitudeDegrees>45.649741</LatitudeDegrees><LongitudeDegrees>6.039561</LongitudeDegrees></Position><AltitudeMeters>423.8</AltitudeMeters><DistanceMeters>33200.0</DistanceMeters></Trackpoint>
<Trackpoint><Time>2026-09-20T09:10:39Z</Time><Position><LatitudeDegrees>45.649960</LatitudeDegrees><LongitudeDegrees>6.040125</LongitudeDegrees></Position><AltitudeMeters>422.4</AltitudeMeters><DistanceMeters>33250.0</DistanceMeters></Trackpoint>
<Trackpoint><Time>2026-09-20T09:10:45Z</Time><Position><LatitudeDegrees>45.650181</LatitudeDegrees><LongitudeDegrees>6.040687</LongitudeDegrees></Position><AltitudeMeters>420.9</AltitudeMeters><DistanceMeters>33300.0</DistanceMeters></Trackpoint>
<Trackpoint><Time>2026-09-20T09:10:52Z</Time><Position><LatitudeDegrees>45.650406</LatitudeDegrees><LongitudeDegrees>6.041246</LongitudeDegrees></Position><AltitudeMeters>419.5</AltitudeMeters><DistanceMeters>33350.0</DistanceMeters></Trackpoint>
<Trackpoint><Time>2026-09-20T09:10:58Z</Time><Position><LatitudeDegrees>45.650634</LatitudeDegrees><LongitudeDegrees>6.041802</LongitudeDegrees></Position><AltitudeMeters>418.1</AltitudeMeters><DistanceMeters>33400.0</DistanceMeters></Trackpoint>
<Trackpoint><Time>2026-09-20T09:11:04Z</Time><Position><LatitudeDegrees>45.650865</LatitudeDegrees><LongitudeDegrees>6.042356</LongitudeDegrees></Position><AltitudeMeters>416.7</AltitudeMeters><DistanceMeters>33450.0</DistanceMeters></Trackpoint>
<Trackpoint><Time>2026-09-20T09:11:11Z</Time><Position><LatitudeDegrees>45.651098</LatitudeDegrees><LongitudeDegrees>6.042907</LongitudeDegrees></Position><AltitudeMeters>415.3</AltitudeMeters><DistanceMeters>33500.0</DistanceMeters></Trackpoint>
<Trackpoint><Time>2026-09-20T09:11:17Z</Time><Position><LatitudeDegrees>45.651335</LatitudeDegrees><LongitudeDegrees>6.043456</LongitudeDegrees></Position><AltitudeMeters>413.9</AltitudeMeters><DistanceMeters>33550.0</DistanceMeters></Trackpoint>
<Trackpoint><Time>2026-09-20T09:11:24Z</Time><Position><LatitudeDegrees>45.651575</LatitudeDegrees><LongitudeDegrees>6.044002</LongitudeDegrees></Position><AltitudeMeters>412.5</AltitudeMeters><DistanceMeters>33600.0</DistanceMeters></Trackpoint>
<Trackpoint><Time>2026-09-20T09:11:30Z</Time><Position><LatitudeDegrees>45.651818</LatitudeDegrees><LongitudeDegrees>6.044545</LongitudeDegrees></Position><AltitudeMeters>411.1</AltitudeMeters><DistanceMeters>33650.0</DistanceMeters></Trackpoint>
<Trackpoint><Time>2026-09-20T09:11:36Z</Time><Position><LatitudeDegrees>45.652064</LatitudeDegrees><LongitudeDegrees>6.045085</LongitudeDegrees></Position><AltitudeMeters>409.7</AltitudeMeters><DistanceMeters>33700.0</DistanceMeters></Trackpoint>
<Trackpoint><Time>2026-09-20T09:11:43Z</Time><Position><LatitudeDegrees>45.652313</LatitudeDegrees><LongitudeDegrees>6.045623</LongitudeDegrees></Position><AltitudeMeters>408.3</AltitudeMeters><DistanceMeters>33750.0</DistanceMeters></Trackpoint>
<Trackpoint><Time>2026-09-20T09:11:49Z</Time><Position><LatitudeDegrees>45.652564</LatitudeDegrees><LongitudeDegrees>6.046158</LongitudeDegrees></Position><AltitudeMeters>406.9</AltitudeMeters><DistanceMeters>33800.0</DistanceMeters></Trackpoint>
<Trackpoint><Time>2026-09-20T09:11:55Z</Time><Position><LatitudeDegrees>45.652819</LatitudeDegrees><LongitudeDegrees>6.046690</LongitudeDegrees></Position><AltitudeMeters>405.5</AltitudeMeters><DistanceMeters>33850.0</DistanceMeters></Trackpoint>
<Trackpoint><Time>2026-09-20T09:12:02Z</Time><Position><LatitudeDegrees>45.653077</LatitudeDegrees><LongitudeDegrees>6.047219</LongitudeDegrees></Position><AltitudeMeters>404.2</AltitudeMeters><DistanceMeters>33900.0</DistanceMeters></Trackpoint>
<Trackpoint><Time>2026-09-20T09:12:08Z</Time><Position><LatitudeDegrees>45.653337</LatitudeDegrees><LongitudeDegrees>6.047745</LongitudeDegrees></Position><AltitudeMeters>402.8</AltitudeMeters><DistanceMeters>33950.0</DistanceMeters></Trackpoint>
<Trackpoint><Time>2026-09-20T09:12:15Z</Time><Position><LatitudeDegrees>45.653600</LatitudeDegrees><LongitudeDegrees>6.048268</LongitudeDegrees></Position><AltitudeMeters>401.5</AltitudeMeters><DistanceMeters>34000.0</DistanceMeters></Trackpoint>
<Trackpoint><Time>2026-09-20T09:12:21Z</Time><Position><LatitudeDegrees>45.653867</LatitudeDegrees><LongitudeDegrees>6.048789</LongitudeDegrees></Position><AltitudeMeters>400.1</AltitudeMeters><DistanceMeters>34050.0</DistanceMeters></Trackpoint>
<Trackpoint><Time>2026-09-20T09:12:27Z</Time><Position><LatitudeDegrees>45.654136</LatitudeDegrees><LongitudeDegrees>6.049306</LongitudeDegrees></Position><AltitudeMeters>398.8</AltitudeMeters><DistanceMeters>34100.0</DistanceMeters></Trackpoint>
<Trackpoint><Time>2026-09-20T09:12:34Z</Time><Position><LatitudeDegrees>45.654407</LatitudeDegrees><LongitudeDegrees>6.049820</LongitudeDegrees></Position><AltitudeMeters>397.5</AltitudeMeters><DistanceMeters>34150.0</DistanceMeters></Trackpoint>
<Trackpoint><Time>2026-09-20T09:12:40Z</Time><Position><LatitudeDegrees>45.654682</LatitudeDegrees><LongitudeDegrees>6.050331</LongitudeDegrees></Position><AltitudeMeters>396.2</AltitudeMeters><DistanceMeters>34200.0</DistanceMeters></Trackpoint>
<Trackpoint><Time>2026-09-20T09:12:46Z</Time><Position><LatitudeDegrees>45.654960</LatitudeDegrees><LongitudeDegrees>6.050839</LongitudeDegrees></Position><AltitudeMeters>394.9</AltitudeMeters><DistanceMeters>34250.0</DistanceMeters></Trackpoint>
<Trackpoint><Time>2026-09-20T09:12:53Z</Time><Position><LatitudeDegrees>45.655240</LatitudeDegrees><LongitudeDegrees>6.051344</LongitudeDegrees></Position><AltitudeMeters>393.6</AltitudeMeters><DistanceMeters>34300.0</DistanceMeters></Trackpoint>
<Trackpoint><Time>2026-09-20T09:12:59Z</Time><Position><LatitudeDegrees>45.655523</LatitudeDegrees><LongitudeDegrees>6.051846</LongitudeDegrees></Position><AltitudeMeters>392.3</AltitudeMeters><DistanceMeters>34350.0</DistanceMeters></Trackpoint>
<Trackpoint><Time>2026-09-20T09:13:06Z</Time><Position><LatitudeDegrees>45.655809</LatitudeDegrees><LongitudeDegrees>6.052345</LongitudeDegrees></Position><AltitudeMeters>391.1</AltitudeMeters><DistanceMeters>34400.0</DistanceMeters></Trackpoint>
<Trackpoint><Time>2026-09-20T09:13:12Z</Time><Position><LatitudeDegrees>45.656097</LatitudeDegrees><LongitudeDegrees>6.052840</LongitudeDegrees></Position><AltitudeMeters>389.9</AltitudeMeters><DistanceMeters>34450.0</DistanceMeters></Trackpoint>
<Trackpoint><Time>2026-09-20T09:13:18Z</Time><Position><LatitudeDegrees>45.656388</LatitudeDegrees><LongitudeDegrees>6.053332</LongitudeDegrees></Position><AltitudeMeters>388.7</AltitudeMeters><DistanceMeters>34500.0</DistanceMeters></Trackpoint>
<Trackpoint><Time>2026-09-20T09:13:25Z</Time><Position><LatitudeDegrees>45.656682</LatitudeDegrees><LongitudeDegrees>6.053821</LongitudeDegrees></Position><AltitudeMeters>387.5</AltitudeMeters><DistanceMeters>34550.0</DistanceMeters></Trackpoint>
<Trackpoint><Time>2026-09-20T09:13:31Z</Time><Position><LatitudeDegrees>45.656979</LatitudeDegrees><LongitudeDegrees>6.054306</LongitudeDegrees></Position><AltitudeMeters>386.3</AltitudeMeters><DistanceMeters>34600.0</DistanceMeters></Trackpoint>
<Trackpoint><Time>2026-09-20T09:13:37Z</Time><Position><LatitudeDegrees>45.657278</LatitudeDegrees><LongitudeDegrees>6.054788</LongitudeDegrees></Position><AltitudeMeters>385.1</AltitudeMeters><DistanceMeters>34650.0</DistanceMeters></Trackpoint>
<Trackpoint><Time>2026-09-20T09:13:44Z</Time><Position><LatitudeDegrees>45.657580</LatitudeDegrees><LongitudeDegrees>6.055267</LongitudeDegrees></Position><AltitudeMeters>384.0</AltitudeMeters><DistanceMeters>34700.0</DistanceMeters></Trackpoint>
<Trackpoint><Time>2026-09-20T09:13:50Z</Time><Position><LatitudeDegrees>45.657884</LatitudeDegrees><LongitudeDegrees>6.055742</LongitudeDegrees></Position><AltitudeMeters>382.9</AltitudeMeters><DistanceMeters>34750.0</DistanceMeters></Trackpoint>
<Trackpoint><Time>2026-09-20T09:13:57Z</Time><Position><LatitudeDegrees>45.658191</LatitudeDegrees><LongitudeDegrees>6.056214</LongitudeDegrees></Position><AltitudeMeters>381.8</AltitudeMeters><DistanceMeters>34800.0</DistanceMeters></Trackpoint>
<Trackpoint><Time>2026-09-20T09:14:03Z</Time><Position><LatitudeDegrees>45.658501</LatitudeDegrees><LongitudeDegrees>6.056683</LongitudeDegrees></Position><AltitudeMeters>380.7</AltitudeMeters><DistanceMeters>34850.0</DistanceMeters></Trackpoint>
<Trackpoint><Time>2026-09-20T09:14:09Z</Time><Position><LatitudeDegrees>45.658813</LatitudeDegrees><LongitudeDegrees>6.057148</LongitudeDegrees></Position><AltitudeMeters>379.6</AltitudeMeters><DistanceMeters>34900.0</DistanceMeters></Trackpoint>
<Trackpoint><Time>2026-09-20T09:14:16Z</Time><Position><LatitudeDegrees>45.659128</LatitudeDegrees><LongitudeDegrees>6.057609</LongitudeDegrees></Position><AltitudeMeters>378.6</AltitudeMeters><DistanceMeters>34950.0</DistanceMeters></Trackpoint>
<Trackpoint><Time>2026-09-20T09:14:22Z</Time><Position><LatitudeDegrees>45.659445</LatitudeDegrees><LongitudeDegrees>6.058067</LongitudeDegrees></Position><AltitudeMeters>377.6</AltitudeMeters><DistanceMeters>35000.0</DistanceMeters></Trackpoint>
<Trackpoint><Time>2026-09-20T09:14:28Z</Time><Position><LatitudeDegrees>45.659765</LatitudeDegrees><LongitudeDegrees>6.058521</LongitudeDegrees></Position><AltitudeMeters>376.6</AltitudeMeters><DistanceMeters>35050.0</DistanceMeters></Trackpoint>
<Trackpoint><Time>2026-09-20T09:14:35Z</Time><Position><LatitudeDegrees>45.660087</LatitudeDegrees><LongitudeDegrees>6.058972</LongitudeDegrees></Position><AltitudeMeters>375.6</AltitudeMeters><DistanceMeters>35100.0</DistanceMeters></Trackpoint>
<Trackpoint><Time>2026-09-20T09:14:41Z</Time><Position><LatitudeDegrees>45.660412</LatitudeDegrees><LongitudeDegrees>6.059419</LongitudeDegrees></Position><AltitudeMeters>374.7</AltitudeMeters><DistanceMeters>35150.0</DistanceMeters></Trackpoint>
<Trackpoint><Time>2026-09-20T09:14:48Z</Time><Position><LatitudeDegrees>45.660739</LatitudeDegrees><LongitudeDegrees>6.059862</LongitudeDegrees></Position><AltitudeMeters>373.8</AltitudeMeters><DistanceMeters>35200.0</DistanceMeters></Trackpoint>
<Trackpoint><Time>2026-09-20T09:14:54Z</Time><Position><LatitudeDegrees>45.661069</LatitudeDegrees><LongitudeDegrees>6.060302</LongitudeDegrees></Position><AltitudeMeters>372.9</AltitudeMeters><DistanceMeters>35250.0</DistanceMeters></Trackpoint>
<Trackpoint><Time>2026-09-20T09:15:00Z</Time><Position><LatitudeDegrees>45.661401</LatitudeDegrees><LongitudeDegrees>6.060738</LongitudeDegrees></Position><AltitudeMeters>372.0</AltitudeMeters><DistanceMeters>35300.0</DistanceMeters></Trackpoint>
<Trackpoint><Time>2026-09-20T09:15:07Z</Time><Position><LatitudeDegrees>45.661735</LatitudeDegrees><LongitudeDegrees>6.061170</LongitudeDegrees></Position><AltitudeMeters>371.2</AltitudeMeters><DistanceMeters>35350.0</DistanceMeters></Trackpoint>
<Trackpoint><Time>2026-09-20T09:15:13Z</Time><Position><LatitudeDegrees>45.662072</LatitudeDegrees><LongitudeDegrees>6.061598</LongitudeDegrees></Position><AltitudeMeters>370.4</AltitudeMeters><DistanceMeters>35400.0</DistanceMeters></Trackpoint>
<Trackpoint><Time>2026-09-20T09:15:19Z</Time><Position><LatitudeDegrees>45.662411</LatitudeDegrees><LongitudeDegrees>6.062023</LongitudeDegrees></Position><AltitudeMeters>369.6</AltitudeMeters><DistanceMeters>35450.0</DistanceMeters></Trackpoint>
<Trackpoint><Time>2026-09-20T09:15:26Z</Time><Position><LatitudeDegrees>45.662752</LatitudeDegrees><LongitudeDegrees>6.062444</LongitudeDegrees></Position><AltitudeMeters>368.8</AltitudeMeters><DistanceMeters>35500.0</DistanceMeters></Trackpoint>
<Trackpoint><Time>2026-09-20T09:15:32Z</Time><Position><LatitudeDegrees>45.663096</LatitudeDegrees><LongitudeDegrees>6.062861</LongitudeDegrees></Position><AltitudeMeters>368.1</AltitudeMeters><DistanceMeters>35550.0</DistanceMeters></Trackpoint>
<Trackpoint><Time>2026-09-20T09:15:39Z</Time><Position><LatitudeDegrees>45.663442</LatitudeDegrees><LongitudeDegrees>6.063274</LongitudeDegrees></Position><AltitudeMeters>367.4</AltitudeMeters><DistanceMeters>35600.0</DistanceMeters></Trackpoint>
<Trackpoint><Time>2026-09-20T09:15:45Z</Time><Position><LatitudeDegrees>45.663790</LatitudeDegrees><LongitudeDegrees>6.063683</LongitudeDegrees></Position><AltitudeMeters>366.8</AltitudeMeters><DistanceMeters>35650.0</DistanceMeters></Trackpoint>
<Trackpoint><Time>2026-09-20T09:15:51Z</Time><Position><LatitudeDegrees>45.664140</LatitudeDegrees><LongitudeDegrees>6.064088</LongitudeDegrees></Position><AltitudeMeters>366.1</AltitudeMeters><DistanceMeters>35700.0</DistanceMeters></Trackpoint>
<Trackpoint><Time>2026-09-20T09:15:58Z</Time><Position><LatitudeDegrees>45.664493</LatitudeDegrees><LongitudeDegrees>6.064489</LongitudeDegrees></Position><AltitudeMeters>365.5</AltitudeMeters><DistanceMeters>35750.0</DistanceMeters></Trackpoint>
<Trackpoint><Time>2026-09-20T09:16:04Z</Time><Position><LatitudeDegrees>45.664848</LatitudeDegrees><LongitudeDegrees>6.064887</LongitudeDegrees></Position><AltitudeMeters>364.9</AltitudeMeters><DistanceMeters>35800.0</DistanceMeters></Trackpoint>
<Trackpoint><Time>2026-09-20T09:16:10Z</Time><Position><LatitudeDegrees>45.665205</LatitudeDegrees><LongitudeDegrees>6.065280</LongitudeDegrees></Position><AltitudeMeters>364.4</AltitudeMeters><DistanceMeters>35850.0</DistanceMeters></Trackpoint>
<Trackpoint><Time>2026-09-20T09:16:17Z</Time><Position><LatitudeDegrees>45.665564</LatitudeDegrees><LongitudeDegrees>6.065669</LongitudeDegrees></Position><AltitudeMeters>363.9</AltitudeMeters><DistanceMeters>35900.0</DistanceMeters></Trackpoint>
<Trackpoint><Time>2026-09-20T09:16:23Z</Time><Position><LatitudeDegrees>45.665925</LatitudeDegrees><LongitudeDegrees>6.066054</LongitudeDegrees></Position><AltitudeMeters>363.4</AltitudeMeters><DistanceMeters>35950.0</DistanceMeters></Trackpoint>
<Trackpoint><Time>2026-09-20T09:16:30Z</Time><Position><LatitudeDegrees>45.666289</LatitudeDegrees><LongitudeDegrees>6.066436</LongitudeDegrees></Position><AltitudeMeters>362.9</AltitudeMeters><DistanceMeters>36000.0</DistanceMeters></Trackpoint>
<Trackpoint><Time>2026-09-20T09:16:36Z</Time><Position><LatitudeDegrees>45.666654</LatitudeDegrees><LongitudeDegrees>6.066813</LongitudeDegrees></Position><AltitudeMeters>362.5</AltitudeMeters><DistanceMeters>36050.0</DistanceMeters></Trackpoint>
<Trackpoint><Time>2026-09-20T09:16:42Z</Time><Position><LatitudeDegrees>45.667022</LatitudeDegrees><LongitudeDegrees>6.067186</LongitudeDegrees></Position><AltitudeMeters>362.1</AltitudeMeters><DistanceMeters>36100.0</DistanceMeters></Trackpoint>
<Trackpoint><Time>2026-09-20T09:16:49Z</Time><Position><LatitudeDegrees>45.667391</LatitudeDegrees><LongitudeDegrees>6.067554</LongitudeDegrees></Position><AltitudeMeters>361.8</AltitudeMeters><DistanceMeters>36150.0</DistanceMeters></Trackpoint>
<Trackpoint><Time>2026-09-20T09:16:55Z</Time><Position><LatitudeDegrees>45.667763</LatitudeDegrees><LongitudeDegrees>6.067919</LongitudeDegrees></Position><AltitudeMeters>361.4</AltitudeMeters><DistanceMeters>36200.0</DistanceMeters></Trackpoint>
<Trackpoint><Time>2026-09-20T09:17:01Z</Time><Position><LatitudeDegrees>45.668136</LatitudeDegrees><LongitudeDegrees>6.068279</LongitudeDegrees></Position><AltitudeMeters>361.2</AltitudeMeters><DistanceMeters>36250.0</DistanceMeters></Trackpoint>
<Trackpoint><Time>2026-09-20T09:17:08Z</Time><Position><LatitudeDegrees>45.668512</LatitudeDegrees><LongitudeDegrees>6.068636</LongitudeDegrees></Position><AltitudeMeters>360.9</AltitudeMeters><DistanceMeters>36300.0</DistanceMeters></Trackpoint>
<Trackpoint><Time>2026-09-20T09:17:14Z</Time><Position><LatitudeDegrees>45.668889</LatitudeDegrees><LongitudeDegrees>6.068988</LongitudeDegrees></Position><AltitudeMeters>360.7</AltitudeMeters><DistanceMeters>36350.0</DistanceMeters></Trackpoint>
<Trackpoint><Time>2026-09-20T09:17:21Z</Time><Position><LatitudeDegrees>45.669269</LatitudeDegrees><LongitudeDegrees>6.069335</LongitudeDegrees></Position><AltitudeMeters>360.5</AltitudeMeters><DistanceMeters>36400.0</DistanceMeters></Trackpoint>
<Trackpoint><Time>2026-09-20T09:17:27Z</Time><Position><LatitudeDegrees>45.669650</LatitudeDegrees><LongitudeDegrees>6.069679</LongitudeDegrees></Position><AltitudeMeters>360.3</AltitudeMeters><DistanceMeters>36450.0</DistanceMeters></Trackpoint>
<Trackpoint><Time>2026-09-20T09:17:33Z</Time><Position><LatitudeDegrees>45.670033</LatitudeDegrees><LongitudeDegrees>6.070018</LongitudeDegrees></Position><AltitudeMeters>360.2</AltitudeMeters><DistanceMeters>36500.0</DistanceMeters></Trackpoint>
<Trackpoint><Time>2026-09-20T09:17:40Z</Time><Position><LatitudeDegrees>45.670418</LatitudeDegrees><LongitudeDegrees>6.070353</LongitudeDegrees></Position><AltitudeMeters>360.1</AltitudeMeters><DistanceMeters>36550.0</DistanceMeters></Trackpoint>
<Trackpoint><Time>2026-09-20T09:17:46Z</Time><Position><LatitudeDegrees>45.670805</LatitudeDegrees><LongitudeDegrees>6.070683</LongitudeDegrees></Position><AltitudeMeters>360.0</AltitudeMeters><DistanceMeters>36600.0</DistanceMeters></Trackpoint>
<Trackpoint><Time>2026-09-20T09:17:52Z</Time><Position><LatitudeDegrees>45.671193</LatitudeDegrees><LongitudeDegrees>6.071009</LongitudeDegrees></Position><AltitudeMeters>360.0</AltitudeMeters><DistanceMeters>36650.0</DistanceMeters></Trackpoint>
<Trackpoint><Time>2026-09-20T09:17:59Z</Time><Position><LatitudeDegrees>45.671584</LatitudeDegrees><LongitudeDegrees>6.071331</LongitudeDegrees></Position><AltitudeMeters>360.0</AltitudeMeters><DistanceMeters>36700.0</DistanceMeters></Trackpoint>
<Trackpoint><Time>2026-09-20T09:18:05Z</Time><Position><LatitudeDegrees>45.671976</LatitudeDegrees><LongitudeDegrees>6.071648</LongitudeDegrees></Position><AltitudeMeters>360.0</AltitudeMeters><DistanceMeters>36750.0</DistanceMeters></Trackpoint>
<Trackpoint><Time>2026-09-20T09:18:12Z</Time><Position><LatitudeDegrees>45.672370</LatitudeDegrees><LongitudeDegrees>6.071961</LongitudeDegrees></Position><AltitudeMeters>360.1</AltitudeMeters><DistanceMeters>36800.0</DistanceMeters></Trackpoint>
<Trackpoint><Time>2026-09-20T09:18:18Z</Time><Position><LatitudeDegrees>45.672765</LatitudeDegrees><LongitudeDegrees>6.072270</LongitudeDegrees></Position><AltitudeMeters>360.2</AltitudeMeters><DistanceMeters>36850.0</DistanceMeters></Trackpoint>
<Trackpoint><Time>2026-09-20T09:18:24Z</Time><Position><LatitudeDegrees>45.673163</LatitudeDegrees><LongitudeDegrees>6.072574</LongitudeDegrees></Position><AltitudeMeters>360.4</AltitudeMeters><DistanceMeters>36900.0</DistanceMeters></Trackpoint>
<Trackpoint><Time>2026-09-20T09:18:31Z</Time><Position><LatitudeDegrees>45.673562</LatitudeDegrees><LongitudeDegrees>6.072873</LongitudeDegrees></Position><AltitudeMeters>360.5</AltitudeMeters><DistanceMeters>36950.0</DistanceMeters></Trackpoint>
<Trackpoint><Time>2026-09-20T09:18:37Z</Time><Position><LatitudeDegrees>45.673962</LatitudeDegrees><LongitudeDegrees>6.073169</LongitudeDegrees></Position><AltitudeMeters>360.7</AltitudeMeters><DistanceMeters>37000.0</DistanceMeters></Trackpoint>
<Trackpoint><Time>2026-09-20T09:18:43Z</Time><Position><LatitudeDegrees>45.674364</LatitudeDegrees><LongitudeDegrees>6.073459</LongitudeDegrees></Position><AltitudeMeters>361.0</AltitudeMeters><DistanceMeters>37050.0</DistanceMeters></Trackpoint>
<Trackpoint><Time>2026-09-20T09:18:50Z</Time><Position><LatitudeDegrees>45.674768</LatitudeDegrees><LongitudeDegrees>6.073745</LongitudeDegrees></Position><AltitudeMeters>361.2</AltitudeMeters><DistanceMeters>37100.0</DistanceMeters></Trackpoint>
<Trackpoint><Time>2026-09-20T09:18:56Z</Time><Position><LatitudeDegrees>45.675173</LatitudeDegrees><LongitudeDegrees>6.074027</LongitudeDegrees></Position><AltitudeMeters>361.5</AltitudeMeters><DistanceMeters>37150.0</DistanceMeters></Trackpoint>
<Trackpoint><Time>2026-09-20T09:19:03Z</Time><Position><LatitudeDegrees>45.675580</LatitudeDegrees><LongitudeDegrees>6.074303</LongitudeDegrees></Position><AltitudeMeters>361.9</AltitudeMeters><DistanceMeters>37200.0</DistanceMeters></Trackpoint>
<Trackpoint><Time>2026-09-20T09:19:09Z</Time><Position><LatitudeDegrees>45.675989</LatitudeDegrees><LongitudeDegrees>6.074576</LongitudeDegrees></Position><AltitudeMeters>362.3</AltitudeMeters><DistanceMeters>37250.0</DistanceMeters></Trackpoint>
<Trackpoint><Time>2026-09-20T09:19:15Z</Time><Position><LatitudeDegrees>45.676398</LatitudeDegrees><LongitudeDegrees>6.074843</LongitudeDegrees></Position><AltitudeMeters>362.7</AltitudeMeters><DistanceMeters>37300.0</DistanceMeters></Trackpoint>
<Trackpoint><Time>2026-09-20T09:19:22Z</Time><Position><LatitudeDegrees>45.676810</LatitudeDegrees><LongitudeDegrees>6.075107</LongitudeDegrees></Position><AltitudeMeters>363.1</AltitudeMeters><DistanceMeters>37350.0</DistanceMeters></Trackpoint>
<Trackpoint><Time>2026-09-20T09:19:28Z</Time><Position><LatitudeDegrees>45.677222</LatitudeDegrees><LongitudeDegrees>6.075365</LongitudeDegrees></Position><AltitudeMeters>363.5</AltitudeMeters><DistanceMeters>37400.0</DistanceMeters></Trackpoint>
<Trackpoint><Time>2026-09-20T09:19:34Z</Time><Position><LatitudeDegrees>45.677636</LatitudeDegrees><LongitudeDegrees>6.075619</LongitudeDegrees></Position><AltitudeMeters>364.0</AltitudeMeters><DistanceMeters>37450.0</DistanceMeters></Trackpoint>
<Trackpoint><Time>2026-09-20T09:19:41Z</Time><Position><LatitudeDegrees>45.678052</LatitudeDegrees><LongitudeDegrees>6.075868</LongitudeDegrees></Position><AltitudeMeters>364.6</AltitudeMeters><DistanceMeters>37500.0</DistanceMeters></Trackpoint>
<Trackpoint><Time>2026-09-20T09:19:47Z</Time><Position><LatitudeDegrees>45.678469</LatitudeDegrees><LongitudeDegrees>6.076112</LongitudeDegrees></Position><AltitudeMeters>365.1</AltitudeMeters><DistanceMeters>37550.0</DistanceMeters></Trackpoint>
<Trackpoint><Time>2026-09-20T09:19:54Z</Time><Position><LatitudeDegrees>45.678887</LatitudeDegrees><LongitudeDegrees>6.076352</LongitudeDegrees></Position><AltitudeMeters>365.7</AltitudeMeters><DistanceMeters>37600.0</DistanceMeters></Trackpoint>
<Trackpoint><Time>2026-09-20T09:20:00Z</Time><Position><LatitudeDegrees>45.679306</LatitudeDegrees><LongitudeDegrees>6.076587</LongitudeDegrees></Position><AltitudeMeters>366.3</AltitudeMeters><DistanceMeters>37650.0</DistanceMeters></Trackpoint>
<Trackpoint><Time>2026-09-20T09:20:06Z</Time><Position><LatitudeDegrees>45.679727</LatitudeDegrees><LongitudeDegrees>6.076818</LongitudeDegrees></Position><AltitudeMeters>367.0</AltitudeMeters><DistanceMeters>37700.0</DistanceMeters></Trackpoint>
<Trackpoint><Time>2026-09-20T09:20:13Z</Time><Position><LatitudeDegrees>45.680149</LatitudeDegrees><LongitudeDegrees>6.077043</LongitudeDegrees></Position><AltitudeMeters>367.7</AltitudeMeters><DistanceMeters>37750.0</DistanceMeters></Trackpoint>
<Trackpoint><Time>2026-09-20T09:20:19Z</Time><Position><LatitudeDegrees>45.680572</LatitudeDegrees><LongitudeDegrees>6.077264</LongitudeDegrees></Position><AltitudeMeters>368.4</AltitudeMeters><DistanceMeters>37800.0</DistanceMeters></Trackpoint>
<Trackpoint><Time>2026-09-20T09:20:25Z</Time><Position><LatitudeDegrees>45.680997</LatitudeDegrees><LongitudeDegrees>6.077480</LongitudeDegrees></Position><AltitudeMeters>369.1</AltitudeMeters><DistanceMeters>37850.0</DistanceMeters></Trackpoint>
<Trackpoint><Time>2026-09-20T09:20:32Z</Time><Position><LatitudeDegrees>45.681422</LatitudeDegrees><LongitudeDegrees>6.077692</LongitudeDegrees></Position><AltitudeMeters>369.9</AltitudeMeters><DistanceMeters>37900.0</DistanceMeters></Trackpoint>
<Trackpoint><Time>2026-09-20T09:20:38Z</Time><Position><LatitudeDegrees>45.681849</LatitudeDegrees><LongitudeDegrees>6.077898</LongitudeDegrees></Position><AltitudeMeters>370.6</AltitudeMeters><DistanceMeters>37950.0</DistanceMeters></Trackpoint>
<Trackpoint><Time>2026-09-20T09:20:45Z</Time><Position><LatitudeDegrees>45.682277</LatitudeDegrees><LongitudeDegrees>6.078100</LongitudeDegrees></Position><AltitudeMeters>371.5</AltitudeMeters><DistanceMeters>38000.0</DistanceMeters></Trackpoint>
<Trackpoint><Time>2026-09-20T09:20:51Z</Time><Position><LatitudeDegrees>45.682706</LatitudeDegrees><LongitudeDegrees>6.078297</LongitudeDegrees></Position><AltitudeMeters>372.3</AltitudeMeters><DistanceMeters>38050.0</DistanceMeters></Trackpoint>
<Trackpoint><Time>2026-09-20T09:20:57Z</Time><Position><LatitudeDegrees>45.683136</LatitudeDegrees><LongitudeDegrees>6.078489</LongitudeDegrees></Position><AltitudeMeters>373.2</AltitudeMeters><DistanceMeters>38100.0</DistanceMeters></Trackpoint>
<Trackpoint><Time>2026-09-20T09:21:04Z</Time><Position><LatitudeDegrees>45.683567</LatitudeDegrees><LongitudeDegrees>6.078676</LongitudeDegrees></Position><AltitudeMeters>374.1</AltitudeMeters><DistanceMeters>38150.0</DistanceMeters></Trackpoint>
<Trackpoint><Time>2026-09-20T09:21:10Z</Time><Position><LatitudeDegrees>45.683999</LatitudeDegrees><LongitudeDegrees>6.078858</LongitudeDegrees></Position><AltitudeMeters>375.0</AltitudeMeters><DistanceMeters>38200.0</DistanceMeters></Trackpoint>
<Trackpoint><Time>2026-09-20T09:21:16Z</Time><Position><LatitudeDegrees>45.684432</LatitudeDegrees><LongitudeDegrees>6.079036</LongitudeDegrees></Position><AltitudeMeters>375.9</AltitudeMeters><DistanceMeters>38250.0</DistanceMeters></Trackpoint>
<Trackpoint><Time>2026-09-20T09:21:23Z</Time><Position><LatitudeDegrees>45.684866</LatitudeDegrees><LongitudeDegrees>6.079208</LongitudeDegrees></Position><AltitudeMeters>376.9</AltitudeMeters><DistanceMeters>38300.0</DistanceMeters></Trackpoint>
<Trackpoint><Time>2026-09-20T09:21:29Z</Time><Position><LatitudeDegrees>45.685301</LatitudeDegrees><LongitudeDegrees>6.079376</LongitudeDegrees></Position><AltitudeMeters>377.9</AltitudeMeters><DistanceMeters>38350.0</DistanceMeters></Trackpoint>
<Trackpoint><Time>2026-09-20T09:21:36Z</Time><Position><LatitudeDegrees>45.685737</LatitudeDegrees><LongitudeDegrees>6.079539</LongitudeDegrees></Position><AltitudeMeters>378.9</AltitudeMeters><DistanceMeters>38400.0</DistanceMeters></Trackpoint>
<Trackpoint><Time>2026-09-20T09:21:42Z</Time><Position><LatitudeDegrees>45.686174</LatitudeDegrees><LongitudeDegrees>6.079697</LongitudeDegrees></Position><AltitudeMeters>380.0</AltitudeMeters><DistanceMeters>38450.0</DistanceMeters></Trackpoint>
<Trackpoint><Time>2026-09-20T09:21:48Z</Time><Position><LatitudeDegrees>45.686611</LatitudeDegrees><LongitudeDegrees>6.079850</LongitudeDegrees></Position><AltitudeMeters>381.0</AltitudeMeters><DistanceMeters>38500.0</DistanceMeters></Trackpoint>
<Trackpoint><Time>2026-09-20T09:21:55Z</Time><Position><LatitudeDegrees>45.687050</LatitudeDegrees><LongitudeDegrees>6.079998</LongitudeDegrees></Position><AltitudeMeters>382.1</AltitudeMeters><DistanceMeters>38550.0</DistanceMeters></Trackpoint>
<Trackpoint><Time>2026-09-20T09:22:01Z</Time><Position><LatitudeDegrees>45.687489</LatitudeDegrees><LongitudeDegrees>6.080141</LongitudeDegrees></Position><AltitudeMeters>383.2</AltitudeMeters><DistanceMeters>38600.0</DistanceMeters></Trackpoint>
<Trackpoint><Time>2026-09-20T09:22:07Z</Time><Position><LatitudeDegrees>45.687929</LatitudeDegrees><LongitudeDegrees>6.080279</LongitudeDegrees></Position><AltitudeMeters>384.4</AltitudeMeters><DistanceMeters>38650.0</DistanceMeters></Trackpoint>
<Trackpoint><Time>2026-09-20T09:22:14Z</Time><Position><LatitudeDegrees>45.688370</LatitudeDegrees><LongitudeDegrees>6.080413</LongitudeDegrees></Position><AltitudeMeters>385.5</AltitudeMeters><DistanceMeters>38700.0</DistanceMeters></Trackpoint>
<Trackpoint><Time>2026-09-20T09:22:20Z</Time><Position><LatitudeDegrees>45.688811</LatitudeDegrees><LongitudeDegrees>6.080541</LongitudeDegrees></Position><AltitudeMeters>386.7</AltitudeMeters><DistanceMeters>38750.0</DistanceMeters></Trackpoint>
<Trackpoint><Time>2026-09-20T09:22:27Z</Time><Position><LatitudeDegrees>45.689253</LatitudeDegrees><LongitudeDegrees>6.080664</LongitudeDegrees></Position><AltitudeMeters>387.9</AltitudeMeters><DistanceMeters>38800.0</DistanceMeters></Trackpoint>
<Trackpoint><Time>2026-09-20T09:22:33Z</Time><Position><LatitudeDegrees>45.689696</LatitudeDegrees><LongitudeDegrees>6.080783</LongitudeDegrees></Position><AltitudeMeters>389.1</AltitudeMeters><DistanceMeters>38850.0</DistanceMeters></Trackpoint>
<Trackpoint><Time>2026-09-20T09:22:39Z</Time><Position><LatitudeDegrees>45.690139</LatitudeDegrees><LongitudeDegrees>6.080896</LongitudeDegrees></Position><AltitudeMeters>390.3</AltitudeMeters><DistanceMeters>38900.0</DistanceMeters></Trackpoint>
<Trackpoint><Time>2026-09-20T09:22:46Z</Time><Position><LatitudeDegrees>45.690583</LatitudeDegrees><LongitudeDegrees>6.081005</LongitudeDegrees></Position><AltitudeMeters>391.5</AltitudeMeters><DistanceMeters>38950.0</DistanceMeters></Trackpoint>
<Trackpoint><Time>2026-09-20T09:22:52Z</Time><Position><LatitudeDegrees>45.691028</LatitudeDegrees><LongitudeDegrees>6.081108</LongitudeDegrees></Position><AltitudeMeters>392.8</AltitudeMeters><DistanceMeters>39000.0</DistanceMeters></Trackpoint>
<Trackpoint><Time>2026-09-20T09:22:58Z</Time><Position><LatitudeDegrees>45.691473</LatitudeDegrees><LongitudeDegrees>6.081206</LongitudeDegrees></Position><AltitudeMeters>394.0</AltitudeMeters><DistanceMeters>39050.0</DistanceMeters></Trackpoint>
<Trackpoint><Time>2026-09-20T09:23:05Z</Time><Position><LatitudeDegrees>45.691919</LatitudeDegrees><LongitudeDegrees>6.081300</LongitudeDegrees></Position><AltitudeMeters>395.3</AltitudeMeters><DistanceMeters>39100.0</DistanceMeters></Trackpoint>
<Trackpoint><Time>2026-09-20T09:23:11Z</Time><Position><LatitudeDegrees>45.692365</LatitudeDegrees><LongitudeDegrees>6.081388</LongitudeDegrees></Position><AltitudeMeters>396.6</AltitudeMeters><DistanceMeters>39150.0</DistanceMeters></Trackpoint>
<Trackpoint><Time>2026-09-20T09:23:18Z</Time><Position><LatitudeDegrees>45.692812</LatitudeDegrees><LongitudeDegrees>6.081471</LongitudeDegrees></Position><AltitudeMeters>397.9</AltitudeMeters><DistanceMeters>39200.0</DistanceMeters></Trackpoint>
<Trackpoint><Time>2026-09-20T09:23:24Z</Time><Position><LatitudeDegrees>45.693259</LatitudeDegrees><LongitudeDegrees>6.081550</LongitudeDegrees></Position><AltitudeMeters>399.2</AltitudeMeters><DistanceMeters>39250.0</DistanceMeters></Trackpoint>
<Trackpoint><Time>2026-09-20T09:23:30Z</Time><Position><LatitudeDegrees>45.693706</LatitudeDegrees><LongitudeDegrees>6.081623</LongitudeDegrees></Position><AltitudeMeters>400.6</AltitudeMeters><DistanceMeters>39300.0</DistanceMeters></Trackpoint>
<Trackpoint><Time>2026-09-20T09:23:37Z</Time><Position><LatitudeDegrees>45.694154</LatitudeDegrees><LongitudeDegrees>6.081691</LongitudeDegrees></Position><AltitudeMeters>401.9</AltitudeMeters><DistanceMeters>39350.0</DistanceMeters></Trackpoint>
<Trackpoint><Time>2026-09-20T09:23:43Z</Time><Position><LatitudeDegrees>45.694603</LatitudeDegrees><LongitudeDegrees>6.081755</LongitudeDegrees></Position><AltitudeMeters>403.3</AltitudeMeters><DistanceMeters>39400.0</DistanceMeters></Trackpoint>
<Trackpoint><Time>2026-09-20T09:23:49Z</Time><Position><LatitudeDegrees>45.695051</LatitudeDegrees><LongitudeDegrees>6.081813</LongitudeDegrees></Position><AltitudeMeters>404.6</AltitudeMeters><DistanceMeters>39450.0</DistanceMeters></Trackpoint>
<Trackpoint><Time>2026-09-20T09:23:56Z</Time><Position><LatitudeDegrees>45.695500</LatitudeDegrees><LongitudeDegrees>6.081866</LongitudeDegrees></Position><AltitudeMeters>406.0</AltitudeMeters><DistanceMeters>39500.0</DistanceMeters></Trackpoint>
<Trackpoint><Time>2026-09-20T09:24:02Z</Time><Position><LatitudeDegrees>45.695949</LatitudeDegrees><LongitudeDegrees>6.081914</LongitudeDegrees></Position><AltitudeMeters>407.4</AltitudeMeters><DistanceMeters>39550.0</DistanceMeters></Trackpoint>
<Trackpoint><Time>2026-09-20T09:24:09Z</Time><Position><LatitudeDegrees>45.696399</LatitudeDegrees><LongitudeDegrees>6.081957</LongitudeDegrees></Position><AltitudeMeters>408.8</AltitudeMeters><DistanceMeters>39600.0</DistanceMeters></Trackpoint>
<Trackpoint><Time>2026-09-20T09:24:15Z</Time><Position><LatitudeDegrees>45.696848</LatitudeDegrees><LongitudeDegrees>6.081995</LongitudeDegrees></Position><AltitudeMeters>410.1</AltitudeMeters><DistanceMeters>39650.0</DistanceMeters></Trackpoint>
<Trackpoint><Time>2026-09-20T09:24:21Z</Time><Position><LatitudeDegrees>45.697298</LatitudeDegrees><LongitudeDegrees>6.082028</LongitudeDegrees></Position><AltitudeMeters>411.5</AltitudeMeters><DistanceMeters>39700.0</DistanceMeters></Trackpoint>
<Trackpoint><Time>2026-09-20T09:24:28Z</Time><Position><LatitudeDegrees>45.697748</LatitudeDegrees><LongitudeDegrees>6.082056</LongitudeDegrees></Position><AltitudeMeters>412.9</AltitudeMeters><DistanceMeters>39750.0</DistanceMeters></Trackpoint>
<Trackpoint><Time>2026-09-20T09:24:34Z</Time><Position><LatitudeDegrees>45.698198</LatitudeDegrees><LongitudeDegrees>6.082078</LongitudeDegrees></Position><AltitudeMeters>414.4</AltitudeMeters><DistanceMeters>39800.0</DistanceMeters></Trackpoint>
<Trackpoint><Time>2026-09-20T09:24:40Z</Time><Position><LatitudeDegrees>45.698649</LatitudeDegrees><LongitudeDegrees>6.082096</LongitudeDegrees></Position><AltitudeMeters>415.8</AltitudeMeters><DistanceMeters>39850.0</DistanceMeters></Trackpoint>
<Trackpoint><Time>2026-09-20T09:24:47Z</Time><Position><LatitudeDegrees>45.699099</LatitudeDegrees><LongitudeDegrees>6.082109</LongitudeDegrees></Position><AltitudeMeters>417.2</AltitudeMeters><DistanceMeters>39900.0</DistanceMeters></Trackpoint>
<Trackpoint><Time>2026-09-20T09:24:53Z</Time><Position><LatitudeDegrees>45.699550</LatitudeDegrees><LongitudeDegrees>6.082116</LongitudeDegrees></Position><AltitudeMeters>418.6</AltitudeMeters><DistanceMeters>39950.0</DistanceMeters></Trackpoint>
<Trackpoint><Time>2026-09-20T09:25:00Z</Time><Position><LatitudeDegrees>45.700000</LatitudeDegrees><LongitudeDegrees>6.082119</LongitudeDegrees></Position><AltitudeMeters>420.0</AltitudeMeters><DistanceMeters>40000.0</DistanceMeters></Trackpoint>
</Track></Lap></Activity>
</Activities>
</TrainingCenterDatabase>
